date,99_99619_LCI07_SE704B_PIT-704B3_PV,99_99619_LCI07_SE704B_PIT-704B2_PV,99_99619_LCI07_SE704B_PIT-704B1_PV,99_99619_LCI07_SE704B_LIT-704B1_PV,99_99619_LCI07_P701G_LCV-704B1_PV,99_99619_LCI07_SE704B_FIT-704B1_PV,99_99619_LCI07_SE704B_LIT-704B2_PV,99_99619_LCI07_SE704B_FCV-704B3_ZT,99_99619_LCI07_T701_LIT-701A_PV,included
05-02-2021 21:27:00,95.5475311279297,-0.164427861571312,1.72387504577637,39.9248352050781,53.1590347290039,6863.404296875,39.9100189208984,9.13629913330078,9.629807472229,1
05-02-2021 21:28:00,96.5267562866211,0.386849403381348,1.53232097625732,39.9171752929687,53.1511497497559,6543.36328125,39.8835601806641,7.9066162109375,9.60162353515625,1
05-02-2021 21:29:00,97.5059661865234,0.60391241312027,1.3407678604126,39.9095191955566,53.1432647705078,6223.322265625,39.8867111206055,6.67694091796875,9.61854934692383,1
05-02-2021 21:30:00,98.4851837158203,0.60391241312027,1.14921379089355,39.9018592834473,53.1353797912598,5903.28125,39.8983573913574,5.447265625,9.61535739898682,1
05-02-2021 21:31:00,99.4644012451172,0.002709910273552,0.957660675048828,39.8941993713379,53.1274948120117,5583.240234375,39.9185676574707,4.21759033203125,9.61094474792481,1
05-02-2021 21:32:00,100.443618774414,-0.233874142169952,0.766105651855469,39.8865432739258,53.1196060180664,5263.19921875,39.9088134765625,2.98790740966797,9.63534927368164,1
05-02-2021 21:33:00,101.422836303711,0.261277288198471,0.574552536010742,39.8788833618164,53.1117210388184,4943.16015625,39.9094924926758,1.75823211669922,9.64458465576172,1
05-02-2021 21:34:00,102.198440551758,0.56072998046875,0.49006649851799,39.8757934570312,52.9452934265137,4688.71142578125,39.8947257995605,8.03092956542969,9.63409996032715,1
05-02-2021 21:35:00,102.496002197266,1.1454164981842,1.07127022743225,39.971134185791,53.0715942382813,4678.958984375,39.9786682128906,99.9659805297852,9.65132904052734,1
05-02-2021 21:36:00,102.609878540039,1.14478135108948,1.07188010215759,39.9586410522461,53.0229759216309,4720.13525390625,39.9834518432617,99.9696350097656,9.65736865997314,1
05-02-2021 21:37:00,101.024971008301,1.14414632320404,1.07248985767365,39.9757690429687,53.0534744262695,4724.4638671875,40.0107612609863,99.9732894897461,9.64343929290772,1
05-02-2021 21:38:00,101.366607666016,1.14351117610931,1.07309973239899,39.9766159057617,53.0255508422852,4724.443359375,40.0023040771484,99.9769515991211,9.5059928894043,1
05-02-2021 21:39:00,101.864929199219,1.14287614822388,1.07370948791504,39.9600296020508,53.0259132385254,4724.92431640625,40.002857208252,99.9806060791016,9.37925338745117,1
05-02-2021 21:40:00,101.732002258301,1.14224100112915,1.07431924343109,39.987232208252,53.0340614318848,4725.35205078125,39.9982032775879,99.984260559082,9.23428440093994,1
05-02-2021 21:41:00,101.954414367676,1.17745459079742,1.07492911815643,39.959114074707,52.972526550293,4720.47021484375,40.0101280212402,99.9879150390625,9.09640979766846,1
05-02-2021 21:42:00,55.0517654418945,11.5685348510742,11.4716997146606,47.0705642700195,69.2973327636719,30489.595703125,46.3479423522949,30.6860694885254,9.1204833984375,1
05-02-2021 21:43:00,68.5644836425781,8.51134586334229,8.43373966217041,42.0317268371582,68.491081237793,37986.15234375,41.3162651062012,15.4180507659912,9.15820121765137,1
05-02-2021 21:44:00,66.9237518310547,7.36822175979614,7.27432346343994,38.4612998962402,63.0948143005371,27764.189453125,37.5586624145508,15.4044494628906,9.16560840606689,1
05-02-2021 21:45:00,63.6949043273926,6.86003351211548,6.77924346923828,36.1160469055176,56.000057220459,7563.99560546875,35.4801177978516,15.4037485122681,9.1595344543457,1
05-02-2021 21:46:00,62.1455917358398,7.07023906707764,6.97185182571411,35.0732460021973,48.521842956543,9688.4423828125,34.3776626586914,15.4023866653442,9.14646053314209,1
05-02-2021 21:47:00,60.5290565490723,8.23499774932861,8.15243816375732,34.3594436645508,40.776969909668,10941.87890625,33.788200378418,15.4037590026855,9.11303615570068,1
05-02-2021 21:48:00,58.8931427001953,9.93065547943115,9.84753704071045,34.0623321533203,32.4072875976562,8747.79296875,33.4836578369141,15.4092054367065,9.06701183319092,1
05-02-2021 21:49:00,57.8522491455078,11.5436401367188,11.460807800293,34.8104095458984,26.337381362915,9342.0263671875,34.2412147521973,15.3971347808838,9.01202869415283,1
05-02-2021 21:50:00,56.0117797851563,13.3298034667969,13.236400604248,36.0591659545898,22.2308559417725,6111.6748046875,35.6495590209961,18.186897277832,8.93404483795166,1
05-02-2021 21:51:00,52.9288711547852,17.7472229003906,17.6525974273682,39.0148277282715,23.7018527984619,5209.10791015625,38.9374923706055,17.2439270019531,8.8733549118042,1
05-02-2021 21:52:00,51.3141479492188,16.2110137939453,16.1462631225586,41.7985229492188,28.112865447998,6194.611328125,41.6240730285645,17.2445316314697,8.84439086914063,1
05-02-2021 21:53:00,48.7710990905762,15.8402576446533,15.7497463226318,43.08447265625,33.6168403625488,11969.6494140625,42.7836074829102,17.2451343536377,8.84290218353272,1
05-02-2021 21:54:00,47.5294303894043,16.1324653625488,16.0715007781982,42.8115539550781,37.1742095947266,18310.583984375,42.2958679199219,17.2457370758057,8.86209297180176,1
05-02-2021 21:55:00,44.3166999816895,16.7716999053955,16.6784057617188,42.0625915527344,39.2222213745117,20919.095703125,41.2177772521973,20.2284164428711,8.89969062805176,1
05-02-2021 21:56:00,42.2465133666992,15.5097732543945,15.4179077148438,40.6348075866699,39.1930122375488,20472.234375,39.7515296936035,20.2000141143799,8.93867111206055,1
05-02-2021 21:57:00,41.9430923461914,16.3587074279785,16.2685527801514,39.1741409301758,36.6913375854492,19202.841796875,38.4182662963867,20.1841526031494,8.97952270507813,1
05-02-2021 21:58:00,39.8471794128418,16.2924938201904,16.1947326660156,38.237174987793,33.8110466003418,14029.744140625,37.5638389587402,20.1914596557617,9.00678062438965,1
05-02-2021 21:59:00,39.2614974975586,16.5726184844971,16.4694118499756,38.0756874084473,31.27219581604,13905.1328125,37.3506469726563,20.1725978851318,9.0305233001709,1
05-02-2021 22:00:00,38.1747779846191,15.5406475067139,15.4404754638672,37.8367042541504,28.1401290893555,19225.125,37.1079635620117,20.1901206970215,9.04377174377441,1
05-02-2021 22:01:00,38.3558082580566,16.4910354614258,16.4019336700439,38.1317138671875,26.1887874603271,8465.6162109375,37.3626670837402,20.1748065948486,9.03863430023193,1
05-02-2021 22:02:00,38.0876197814941,15.73415184021,15.6443281173706,38.8238563537598,25.4073905944824,7183.08837890625,38.1852798461914,20.1881809234619,9.02127075195313,1
05-02-2021 22:03:00,36.0619964599609,16.7361106872559,16.6445751190186,39.1300659179687,24.6873893737793,9174.64453125,38.6128196716309,20.1418113708496,9.00260448455811,1
05-02-2021 22:04:00,37.5178642272949,15.0709505081177,14.9826650619507,38.983959197998,23.2298545837402,7738.5498046875,38.2029762268066,20.084716796875,8.98460483551025,1
05-02-2021 22:05:00,39.3024787902832,17.1939544677734,17.0985889434814,42.2347221374512,28.4155158996582,8078.91015625,41.2063446044922,25.1389846801758,8.95636653900147,1
05-02-2021 22:06:00,39.6658973693848,14.7315111160278,14.6437177658081,45.6239318847656,38.5518493652344,16154.7822265625,43.9686737060547,25.507116317749,8.96403408050537,1
05-02-2021 22:07:00,38.325080871582,17.7934341430664,17.7121601104736,45.0558166503906,45.5090026855469,26458.998046875,43.9533386230469,29.7526988983154,9.01827812194824,1
05-02-2021 22:08:00,39.0618362426758,15.5370597839355,15.4338340759277,44.2479667663574,49.888599395752,27890.30859375,42.8332557678223,30.1384334564209,9.08993339538574,1
05-02-2021 22:09:00,37.0298805236816,17.2169990539551,17.0935153961182,41.7788543701172,50.1815299987793,27374.4453125,40.3286933898926,30.2886638641357,9.1905689239502,1
05-02-2021 22:10:00,33.6496772766113,16.2246074676514,16.1309909820557,38.1894836425781,44.378475189209,14730.369140625,37.7574195861816,30.5499000549316,9.29222583770752,1
05-02-2021 22:11:00,32.1928977966309,15.1634635925293,15.0428524017334,37.3801574707031,39.4956855773926,4663.5634765625,36.501895904541,30.1878910064697,9.35167217254639,1
05-02-2021 22:12:00,32.4970474243164,17.2431125640869,17.1469631195068,36.7988357543945,35.0679016113281,1500.79174804688,36.2684097290039,29.7851181030273,9.37907314300537,1
05-02-2021 22:13:00,32.3071975708008,15.2345552444458,15.1412343978882,38.7635154724121,34.5175857543945,8815.7353515625,37.8874855041504,35.4218673706055,9.37903499603272,1
05-02-2021 22:14:00,30.1225242614746,16.1218318939209,16.0293521881104,40.1330184936523,35.7540664672852,16205.56640625,39.0165138244629,35.7126502990723,9.38046455383301,1
05-02-2021 22:15:00,28.3160705566406,15.88463306427,15.7856760025024,39.5793228149414,34.823184967041,15979.447265625,38.9272193908691,35.6807594299316,9.38899612426758,1
05-02-2021 22:16:00,28.8514804840088,16.0853843688965,15.9750165939331,40.9299354553223,37.0352897644043,16374.3505859375,40.0012245178223,37.5956192016602,9.385085105896,1
05-02-2021 22:17:00,22.9027137756348,16.7898063659668,16.690788269043,39.5958976745605,35.6113548278809,16982.4140625,38.7521286010742,40.3479042053223,9.41763019561768,1
05-02-2021 22:18:00,25.2782955169678,16.4683380126953,16.3778686523438,39.3620758056641,33.5732116699219,15903.609375,38.2696380615234,39.9786415100098,9.43610000610352,1
05-02-2021 22:19:00,25.3163585662842,16.1220512390137,16.0940189361572,38.1000175476074,30.4785842895508,15088.78125,37.352165222168,39.9780731201172,9.43642807006836,1
05-02-2021 22:20:00,25.2783756256103,16.4949607849121,16.4028358459473,38.3392372131348,28.2344913482666,11892.9658203125,37.5289306640625,39.9325637817383,9.42353057861328,1
05-02-2021 22:21:00,25.2250270843506,14.6330680847168,14.5184020996094,38.2321739196777,25.0601596832275,8652.3525390625,37.264705657959,39.9486846923828,9.40969085693359,1
05-02-2021 22:22:00,24.1669273376465,16.0059909820557,15.9175329208374,37.9335899353027,22.5798778533936,7138.3193359375,37.3322525024414,39.9214096069336,9.36037349700928,1
05-02-2021 22:23:00,23.1496906280518,15.9043674468994,15.8092441558838,38.5107536315918,21.2109260559082,5371.19873046875,37.9617004394531,49.8101692199707,9.31114387512207,1
05-02-2021 22:24:00,22.9072895050049,15.027871131897,14.9326391220093,38.7052307128906,19.9788856506348,4292.94140625,37.9603385925293,49.8573455810547,9.25411987304688,1
05-02-2021 22:25:00,24.0364665985107,16.9961204528809,16.8907070159912,38.7968597412109,18.3832931518555,2288.99487304687,38.0816764831543,60.0674018859863,9.19829177856445,1
05-02-2021 22:26:00,23.2658214569092,15.257737159729,15.1644201278687,40.9838409423828,20.9630451202393,2018.13793945312,40.4627838134766,60.0738792419434,9.13348865509033,1
05-02-2021 22:27:00,23.2766437530518,16.2416572570801,16.1438045501709,42.7591247558594,26.3482418060303,5649.59814453125,41.880012512207,60.1365356445313,9.08025741577148,1
05-02-2021 22:28:00,22.9301738739014,15.2561178207397,15.1554660797119,42.1571922302246,28.7085800170898,9323.966796875,41.4177513122559,60.161018371582,9.0515718460083,1
05-02-2021 22:29:00,23.1820049285889,15.282543182373,15.157546043396,41.2209548950195,30.9980030059814,12768.1748046875,40.445858001709,60.1904602050781,9.03325366973877,1
05-02-2021 22:30:00,25.9895362854004,18.0060939788818,17.9100551605225,42.392879486084,33.9982414245605,14531.6494140625,41.4615478515625,60.3367691040039,9.01494312286377,1
05-02-2021 22:31:00,25.4537220001221,16.5656661987305,16.4597778320313,44.5753517150879,42.694995880127,23920.185546875,42.974739074707,69.9740905761719,9.05224895477295,1
05-02-2021 22:32:00,22.6475582122803,14.5855026245117,14.4959516525269,47.2322158813477,55.1933784484863,32070.37109375,45.6073684692383,69.9694900512695,9.12160968780518,1
05-02-2021 22:33:00,23.945068359375,16.6709041595459,16.5820217132568,43.3307609558105,56.9637069702148,38518.234375,41.8543891906738,69.9404373168945,9.22924613952637,1
05-02-2021 22:34:00,23.3049812316895,16.0213203430176,15.9999380111694,39.7664527893066,52.7284965515137,21772.1015625,38.8943901062012,69.8651580810547,9.36653614044189,1
05-02-2021 22:35:00,23.0705738067627,16.1524181365967,16.0956153869629,35.8247299194336,43.3904876708984,2143.8857421875,35.3387985229492,69.8106994628906,9.48604011535645,1
05-02-2021 22:36:00,23.9342060089111,16.3012771606445,16.2107181549072,33.7007522583008,32.906364440918,1467.71362304688,33.2151794433594,69.8046951293945,9.53913688659668,1
05-02-2021 22:37:00,24.1520881652832,17.6292324066162,17.5355796813965,34.0129280090332,25.5876502990723,6884.87451171875,33.6317749023438,69.8089752197266,9.50877952575684,1
05-02-2021 22:38:00,23.5931224822998,15.9397687911987,15.8476753234863,34.5850486755371,18.7589836120605,3870.19702148437,34.098030090332,69.8113021850586,9.45050811767578,1
05-02-2021 22:39:00,23.842357635498,16.3543319702148,16.2603855133057,36.4750823974609,16.4279384613037,1534.62707519531,36.6662445068359,70.2719879150391,9.36673450469971,1
05-02-2021 22:40:00,24.1006851196289,16.6411247253418,16.5485305786133,38.9126930236816,16.6812152862549,637.111389160156,39.0709991455078,70.247917175293,9.27933597564697,1
05-02-2021 22:41:00,24.7063903808594,17.1853199005127,17.0946559906006,41.8338851928711,21.7485179901123,346.684020996094,42.1374664306641,70.2719879150391,9.17386054992676,1
05-02-2021 22:42:00,23.4488792419434,17.0151233673096,16.9325580596924,43.4597663879395,27.6458721160889,7441.28466796875,43.6627578735352,70.2543106079102,9.11220169067383,1
05-02-2021 22:43:00,22.9351196289062,15.4458465576172,15.3640441894531,42.3076324462891,29.2175426483154,8141.31201171875,42.2634201049805,70.263671875,9.06478023529053,1
05-02-2021 22:44:00,22.5874176025391,15.6027412414551,15.5060396194458,40.9523086547852,29.8813419342041,10912.0595703125,41.2107429504395,70.2666168212891,9.03952121734619,1
05-02-2021 22:45:00,22.9439296722412,16.4273624420166,16.336483001709,38.6277542114258,26.0824737548828,10451.7802734375,38.4584808349609,80.1199188232422,9.00093364715576,1
05-02-2021 22:46:00,22.8990955352783,15.3385972976685,15.2474460601807,36.8991165161133,20.9326915740967,6714.85498046875,36.6894416809082,99.984992980957,8.94687271118164,1
05-02-2021 22:47:00,22.3569755554199,15.9264183044434,15.8475360870361,37.1616172790527,17.7060890197754,2150.12719726562,36.933967590332,99.9861679077148,8.85979843139648,1
05-02-2021 22:48:00,23.3437213897705,16.5466995239258,16.450101852417,37.5355644226074,14.8439779281616,975.444213867188,37.3280220031738,99.9873352050781,8.74680805206299,1
05-02-2021 22:49:00,23.3777027130127,16.1897029876709,16.0931262969971,38.3664474487305,13.4232311248779,2613.24462890625,38.2095260620117,99.9885101318359,8.61959743499756,1
05-02-2021 22:50:00,22.7093753814697,16.138843536377,16.0430774688721,39.6377716064453,13.6938514709473,3120.10668945312,39.6077270507812,99.9889678955078,8.48492431640625,1
05-02-2021 22:51:00,22.8264408111572,16.0853233337402,15.9736642837524,40.7450294494629,15.417799949646,3215.255859375,40.7248992919922,99.9894485473633,8.36525344848633,1
05-02-2021 22:52:00,22.6433258056641,15.9689598083496,15.8861799240112,42.0230827331543,19.050817489624,2514.70458984375,41.9153900146484,99.9899215698242,8.25565052032471,1
05-02-2021 22:53:00,22.7549495697021,15.8910865783691,15.7811622619629,41.8881072998047,21.5086441040039,788.479187011719,41.7056617736816,99.9903945922852,8.16298675537109,1
05-02-2021 22:54:00,22.6165161132812,15.2643566131592,15.1772394180298,41.3315849304199,22.6423587799072,2886.56567382812,41.0523567199707,99.9907302856445,8.08234024047852,1
05-02-2021 22:55:00,22.4844608306885,15.1568908691406,15.0629510879517,40.7622299194336,23.2164554595947,3718.66088867187,40.466968536377,99.9910507202148,8.00630569458008,1
05-02-2021 22:56:00,22.5245094299316,15.0820350646973,14.9559764862061,40.0511169433594,23.1094722747803,3964.5380859375,39.657341003418,99.9913711547852,7.93711376190186,1
05-02-2021 22:57:00,22.3628387451172,14.6162776947021,14.5381345748901,38.7202415466309,20.3116264343262,3841.65087890625,38.033031463623,99.9916915893555,7.86217641830444,1
05-02-2021 22:58:00,22.7723541259766,15.1941976547241,15.1330423355103,38.2787094116211,17.7455787658691,1263.35424804688,37.6647033691406,99.9920120239258,7.77388143539429,1
05-02-2021 22:59:00,23.9247016906738,16.9175643920898,16.8263111114502,38.492015838623,16.0858097076416,417.332550048828,37.8165054321289,99.9923324584961,7.67187881469727,1
05-02-2021 23:00:00,22.1989307403564,15.5097341537476,15.4183855056763,38.7101287841797,14.3493490219116,1905.58520507813,38.0306015014648,99.9926528930664,7.56477928161621,1
05-02-2021 23:01:00,22.2455139160156,15.8123731613159,15.7221183776855,38.7629280090332,13.0534267425537,2649.20166015625,38.1054954528809,99.9929733276367,7.45173597335815,1
05-02-2021 23:02:00,23.3268165588379,16.0434188842773,15.952467918396,38.4923477172852,11.0282115936279,3770.62670898437,37.8599433898926,99.993293762207,7.31985759735107,1
05-02-2021 23:03:00,24.4416599273682,16.4328498840332,16.3376140594482,38.7377853393555,10.0001573562622,4435.2353515625,38.1321067810059,99.9936141967774,7.19699001312256,1
05-02-2021 23:04:00,23.9087257385254,15.6947937011719,15.6044998168945,39.4578132629395,9.94165134429932,4520.42138671875,38.8789405822754,99.9939346313477,7.0742335319519,1
05-02-2021 23:05:00,23.6474342346191,16.5074424743652,16.4135055541992,40.3155708312988,9.94326496124268,4579.4599609375,39.78271484375,99.994255065918,6.9588098526001,1
05-02-2021 23:06:00,23.1709766387939,15.8129634857178,15.7183494567871,41.8363876342773,12.3980417251587,4585.78173828125,41.3359298706055,99.9945755004883,6.84119987487793,1
05-02-2021 23:07:00,22.8746109008789,16.0441932678223,15.9511804580688,43.2144584655762,17.9405040740967,3733.66821289062,42.6286659240723,99.9948959350586,6.73897123336792,1
05-02-2021 23:08:00,22.8193798065186,15.428201675415,15.343578338623,43.1964721679688,22.3261432647705,1571.9169921875,42.6130218505859,99.9952163696289,6.6225757598877,1
05-02-2021 23:09:00,22.4151439666748,14.5765800476074,14.4905347824097,42.2428245544434,24.4996604919434,4964.3828125,41.5516891479492,99.9955368041992,6.54471397399902,1
05-02-2021 23:10:00,21.7021007537842,14.0654602050781,13.9508047103882,40.9783706665039,24.8475666046143,5157.91064453125,40.2273559570313,99.9958572387695,6.538254737854,1
05-02-2021 23:11:00,21.1989727020264,13.4937582015991,13.3810091018677,39.7635116577148,23.574592590332,5114.17041015625,38.9627723693848,99.9961776733398,6.54487657546997,1
05-02-2021 23:12:00,21.0845794677734,13.3392944335938,13.2529296875,38.8510627746582,21.3581523895264,5932.873046875,38.1455535888672,99.9963989257813,6.5445556640625,1
05-02-2021 23:13:00,22.7563247680664,16.0901889801025,15.9981737136841,38.9385261535645,20.357105255127,4235.12841796875,38.261962890625,99.9965744018555,6.55790424346924,1
05-02-2021 23:14:00,22.2428112030029,16.7104949951172,16.6388778686523,37.4181938171387,15.8181238174438,431.630126953125,36.8770294189453,99.9967575073242,6.54459047317505,1
05-02-2021 23:15:00,21.4211769104004,15.3243227005005,15.2266216278076,37.0551719665527,11.8211364746094,2684.44458007813,36.5545043945312,99.9969329833984,6.52594566345215,1
05-02-2021 23:16:00,23.1636276245117,15.6572389602661,15.565242767334,37.3259963989258,10.6549406051636,4839.6669921875,36.7916526794434,99.9971160888672,6.50129556655884,1
05-02-2021 23:17:00,23.9111289978027,15.6963653564453,15.6044998168945,37.3335609436035,10.6696271896362,4422.21044921875,36.8374290466309,99.9972991943359,6.45716905593872,1
05-02-2021 23:18:00,23.9443111419678,15.7699060440063,15.6830177307129,37.4314155578613,10.6410636901855,4614.9443359375,36.9161682128906,99.9974746704102,6.41929626464844,1
05-02-2021 23:19:00,23.7175579071045,16.0090026855469,15.9113130569458,37.5041198730469,10.629415512085,4561.73486328125,36.959300994873,99.9976577758789,6.38073205947876,1
05-02-2021 23:20:00,23.7058925628662,16.0441932678223,15.9532804489136,37.4717559814453,10.5774984359741,4524.31884765625,36.9287376403809,99.9978332519531,6.33046913146973,1
05-02-2021 23:21:00,23.6220455169678,16.0809364318848,15.9892311096191,37.5077514648437,10.6592388153076,4346.0283203125,36.9751205444336,99.9980163574219,6.28658151626587,1
05-02-2021 23:22:00,23.5633010864258,16.1191520690918,15.9892311096191,37.5155334472656,10.6168355941772,4362.5009765625,36.992561340332,99.9981994628906,6.24181270599365,1
05-02-2021 23:23:00,23.5338554382324,16.1202354431152,16.0258655548096,37.5845642089844,10.6319770812988,4524.939453125,37.0087432861328,99.9983749389648,6.19767761230469,1
05-02-2021 23:24:00,23.5132446289062,16.1213188171387,16.0272598266602,37.5592422485352,10.641658782959,4492.8662109375,37.0082473754883,99.9985580444336,6.1471529006958,1
05-02-2021 23:25:00,23.4798622131348,16.1224021911621,15.9892311096191,37.5935821533203,10.6624803543091,4446.21337890625,37.0307807922363,99.9987335205078,6.09776115417481,1
05-02-2021 23:26:00,23.4516487121582,16.082311630249,15.9892311096191,37.59423828125,10.6367664337158,4380.02587890625,37.029914855957,99.9989166259766,6.04801750183106,1
05-02-2021 23:27:00,23.4224376678467,16.080638885498,15.9892311096191,37.5770683288574,10.6314001083374,4406.9111328125,37.0292205810547,99.9990921020508,5.99955940246582,1
05-02-2021 23:28:00,23.4237079620361,16.0441932678223,15.9528427124023,37.5663795471191,10.6353206634521,4409.45703125,37.0222015380859,99.9992752075195,5.95810747146606,1
05-02-2021 23:29:00,23.4024105072021,16.0441932678223,15.9504051208496,37.513256072998,10.6392602920532,4374.38330078125,37.0057144165039,99.9994583129883,5.91478443145752,1
05-02-2021 23:30:00,23.3440017700195,16.0049362182617,15.9129877090454,37.5147819519043,10.6329669952393,4300.171875,36.9922752380371,99.9996337890625,5.91478824615479,1
05-02-2021 23:31:00,23.3618640899658,15.96213722229,15.8749523162842,37.4867744445801,10.6300735473633,4331.69775390625,36.9775810241699,99.9998168945313,5.91493034362793,1
05-02-2021 23:32:00,23.4842700958252,15.9633693695068,15.8739166259766,37.4956245422363,10.5085325241089,4311.57763671875,36.9847564697266,99.9999923706055,5.91520643234253,1
05-02-2021 23:33:00,23.4573040008545,15.9646015167236,15.8728809356689,37.487663269043,10.4894790649414,4318.1455078125,37.0007781982422,100.000175476074,5.91508150100708,1
05-02-2021 23:34:00,23.4330520629883,15.9806814193726,15.871844291687,37.5141448974609,10.5252313613892,4327.85595703125,37.0123977661133,100.00032043457,5.91495609283447,1
05-02-2021 23:35:00,23.6201782226563,16.0016231536865,15.910717010498,37.5671005249023,10.5388774871826,4309.8046875,37.0176391601562,100.00032043457,5.92081689834595,1
05-02-2021 23:36:00,24.3371639251709,16.1473007202148,16.044038772583,37.6769409179687,10.524263381958,4298.4208984375,37.124641418457,100.00032043457,5.92099189758301,1
05-02-2021 23:37:00,24.9404792785645,16.6595344543457,16.5711269378662,38.1075057983398,10.5299377441406,4333.6552734375,37.5212135314941,100.00032043457,5.92098760604858,1
05-02-2021 23:38:00,25.136323928833,17.624324798584,17.4954986572266,38.736930847168,10.520263671875,4353.576171875,38.1391639709473,100.00032043457,5.92078638076782,1
05-02-2021 23:39:00,26.0840473175049,18.3314762115479,18.2725410461426,39.4440422058105,10.5140113830566,4332.6689453125,38.8022041320801,100.00032043457,5.92691326141357,1
05-02-2021 23:40:00,22.0080871582031,15.2588911056519,15.1610383987427,42.3611373901367,10.4890203475952,4328.66015625,41.4699859619141,100.00032043457,5.93332481384277,1
05-02-2021 23:41:00,24.3008670806885,15.9226093292236,15.8164958953857,44.9653930664063,10.4983339309692,4316.96826171875,44.3514060974121,100.00032043457,5.93323278427124,1
05-02-2021 23:42:00,22.791934967041,15.4502782821655,15.3604984283447,46.5420112609863,22.7417182922363,1081.32849121094,45.9255027770996,100.00032043457,5.95087099075317,1
05-02-2021 23:43:00,23.3735828399658,15.4295625686646,15.3382797241211,45.6603126525879,30.2471942901611,8251.4375,44.9024887084961,100.00032043457,5.99807977676392,1
05-02-2021 23:44:00,22.7134761810303,15.3569211959839,15.2700805664063,43.0889701843262,32.8147850036621,15476.83203125,41.9915466308594,100.027565002441,6.10360050201416,1
05-02-2021 23:45:00,22.5056972503662,14.9423065185547,14.8612804412842,40.3982429504395,30.6541023254395,13211.8017578125,39.5295448303223,100.008186340332,6.21519708633423,1
05-02-2021 23:46:00,22.9182472229004,16.4566764831543,16.3354167938232,38.3357963562012,26.3900279998779,8886.080078125,37.5099830627441,100.000793457031,6.33352136611939,1
05-02-2021 23:47:00,22.922534942627,15.9929161071777,15.9213151931763,35.9484329223633,18.6932811737061,15.0761528015137,35.5016098022461,100.005004882813,6.42759847640991,1
05-02-2021 23:48:00,22.8404350280762,15.3218221664429,15.24831199646,35.2600288391113,12.5026359558105,2987.25390625,34.9543228149414,100.022232055664,6.46960830688477,1
05-02-2021 23:49:00,23.8873329162598,16.7235565185547,16.6055870056152,35.8116302490234,10.1970844268799,3164.01489257812,35.4108352661133,100.00707244873,6.46957874298096,1
05-02-2021 23:50:00,23.5935039520264,15.772647857666,15.6797924041748,36.7987632751465,10.2100458145142,3819.6494140625,36.3659439086914,100.027114868164,6.45645904541016,1
05-02-2021 23:51:00,24.1443061828613,16.6166744232178,16.5227336883545,38.85107421875,10.1642608642578,3995.16381835938,38.22705078125,100.02604675293,6.46944236755371,1
05-02-2021 23:52:00,23.18678855896,15.9817314147949,15.8913793563843,42.3279571533203,10.1530046463013,4170.7451171875,41.6766242980957,100.00032043457,6.4697380065918,1
05-02-2021 23:53:00,24.3653297424316,16.4350662231445,16.316951751709,45.2453422546387,16.6083755493164,4104.49365234375,44.7707786560059,100.017822265625,6.48204517364502,1
05-02-2021 23:54:00,24.2753143310547,16.4910755157471,16.3961391448975,44.9289398193359,24.4395866394043,15.3996820449829,44.4556007385254,100.028945922852,6.51499652862549,1
05-02-2021 23:55:00,23.8833885192871,16.2767868041992,16.1858959197998,43.1988525390625,27.6392135620117,5284.5771484375,42.6000442504883,100.020248413086,6.58763647079468,1
05-02-2021 23:56:00,23.6113548278809,16.1176910400391,16.0143165588379,41.3049507141113,28.0190658569336,10522.8994140625,40.5737571716309,100.023918151855,6.68113660812378,1
05-02-2021 23:57:00,23.7700366973877,15.9246025085449,15.8154220581055,39.4707336425781,25.8391742706299,10101.955078125,38.8548622131348,100.01944732666,6.77407932281494,1
05-02-2021 23:58:00,24.2725696563721,16.2759647369385,16.1143264770508,38.1990356445312,22.4237689971924,8181.10400390625,37.6189994812012,100.02269744873,6.87456274032593,1
05-02-2021 23:59:00,25.4653644561768,18.0405616760254,17.9269752502441,37.6878128051758,19.1630363464355,2065.39135742188,37.2410583496094,100.013282775879,6.94233083724976,1
06-02-2021 00:00:00,23.7953796386719,15.9141712188721,15.8213386535645,39.6285743713379,19.9045906066895,3447.1748046875,39.1273612976074,100.015533447266,7.00446510314941,1
06-02-2021 00:01:00,22.5323600769043,16.0077857971191,15.9196262359619,42.5467948913574,26.9078998565674,8060.98193359375,41.3381233215332,100.023506164551,7.07890605926514,1
06-02-2021 00:02:00,21.7840442657471,15.1043968200684,15.0111789703369,42.2527122497559,29.9023494720459,10907.7724609375,41.0540390014648,100.028854370117,7.17477893829346,1
06-02-2021 00:03:00,22.9983921051025,16.0560874938965,15.953577041626,39.835033416748,27.7845783233643,11571.2314453125,39.1285095214844,100.00887298584,7.28561305999756,1
06-02-2021 00:04:00,23.6119251251221,16.2498188018799,16.1551456451416,38.2569389343262,24.0785484313965,10122.3759765625,37.6789894104004,100.027801513672,7.38848924636841,1
06-02-2021 00:05:00,24.0998306274414,16.7216720581055,16.628210067749,39.0896415710449,22.5296173095703,4289.7607421875,38.5476112365723,100.00227355957,7.46978712081909,1
06-02-2021 00:06:00,24.1912879943848,16.4984569549561,16.3870487213135,41.6530723571777,27.05979347229,7281.71875,40.8447532653809,100.029075622559,7.55830097198486,1
06-02-2021 00:07:00,22.8850803375244,16.0803833007812,15.9878377914429,43.9766616821289,34.3796615600586,12214.806640625,42.6467056274414,100.035446166992,7.66323947906494,1
06-02-2021 00:08:00,23.2087211608887,15.3718032836914,15.2774333953857,43.044246673584,37.4281311035156,13483.078125,41.9990081787109,100.031524658203,7.81588459014893,1
06-02-2021 00:09:00,24.3421020507812,16.8283100128174,16.7389278411865,40.990047454834,36.9628067016602,13307.90625,40.3653182983399,100.037284851074,8.001389503479,1
06-02-2021 00:10:00,24.5622291564941,16.4818935394287,16.4569911956787,41.1842765808106,37.978759765625,9089.1103515625,40.3436050415039,100.046142578125,8.13180541992188,1
06-02-2021 00:11:00,24.1572818756104,16.1580429077148,16.0655860900879,41.79345703125,40.4698944091797,9229.986328125,40.756706237793,100.023872375488,8.23200416564941,1
06-02-2021 00:12:00,23.9341888427734,15.5252809524536,15.4167823791504,42.4445838928223,44.518856048584,18639.166015625,41.2864227294922,100.023872375488,8.37506008148193,1
06-02-2021 00:13:00,23.2788829803467,16.5216808319092,16.4319705963135,40.1639213562012,43.3021049499512,18059.99609375,39.3591918945312,100.02018737793,8.53809356689453,1
06-02-2021 00:14:00,23.4050521850586,16.0656929016113,15.9741306304932,38.6400527954102,40.1000938415527,2004.46020507812,38.0566139221191,100.003112792969,8.68153476715088,1
06-02-2021 00:15:00,24.2275733947754,15.5316381454468,15.4418869018555,39.0912170410156,38.4660415649414,8409.1611328125,38.5286140441895,100.022232055664,8.83193778991699,1
06-02-2021 00:16:00,24.2978610992432,15.7712326049805,15.6812124252319,41.8255424499512,43.4806442260742,13671.6650390625,40.9812507629395,100.003616333008,8.98838710784912,1
06-02-2021 00:17:00,24.2108707427978,16.3607425689697,16.2592525482178,41.1669616699219,44.7255706787109,25726.390625,40.2585868835449,99.9933166503906,9.10708141326904,1
06-02-2021 00:18:00,24.1719493865967,15.3038921356201,15.178168296814,41.2450981140137,45.2663650512695,26036.80859375,40.1425132751465,100.002258300781,9.14583683013916,1
06-02-2021 00:19:00,24.5473613739014,15.9377813339233,15.8409795761108,42.9525756835938,50.8834495544434,24644.162109375,41.4872703552246,100.034339904785,9.23966312408447,1
06-02-2021 00:20:00,23.8914432525635,16.0861778259277,15.9876260757446,41.6742668151855,52.2303428649902,31055.4453125,40.4913749694824,100.016937255859,9.36086177825928,1
06-02-2021 00:21:00,24.3992824554443,16.0252838134766,15.8798122406006,39.8470878601074,49.628604888916,29242.478515625,38.8813095092773,99.9905014038086,9.49282264709473,1
06-02-2021 00:22:00,23.8770637512207,15.957727432251,15.862156867981,39.0123252868652,47.7859153747559,17554.15625,38.0743408203125,99.9934997558594,9.60485172271729,1
06-02-2021 00:23:00,23.9705123901367,15.6921310424805,15.5782623291016,38.9439010620117,45.8204345703125,19872.849609375,38.0845222473145,100.017349243164,9.71866416931152,1
06-02-2021 00:24:00,24.8064880371094,16.4631099700928,16.3666095733643,40.8693313598633,48.4095420837402,26427.58203125,39.8342514038086,100.016189575195,9.76864337921143,1
06-02-2021 00:25:00,24.6026191711426,15.7000675201416,15.6044998168945,42.1300926208496,51.9325103759766,28770.810546875,40.6882057189941,100.019943237305,9.82694911956787,1
06-02-2021 00:26:00,23.9301586151123,15.9219264984131,15.8325119018555,41.6951522827148,54.3339080810547,31926.29296875,40.4624633789063,99.9988784790039,9.91567325592041,1
06-02-2021 00:27:00,24.4706172943115,16.1580429077148,16.0301570892334,41.4165306091309,55.4684715270996,26444.65234375,40.0436019897461,100.01895904541,9.99281311035156,1
06-02-2021 00:28:00,23.8959274291992,15.9531774520874,15.8595819473267,40.958927154541,55.7156677246094,30201.927734375,39.8598747253418,100.011848449707,10.0899925231934,1
06-02-2021 00:29:00,23.9945869445801,16.0660514831543,15.9758148193359,40.746955871582,56.8638191223145,32831.515625,39.65771484375,100.004653930664,10.1398897171021,1
06-02-2021 00:30:00,24.5621128082275,16.0160980224609,15.9260110855103,40.8732452392578,57.1667175292969,34469.21484375,39.7787094116211,99.9905014038086,10.159553527832,1
06-02-2021 00:31:00,24.6323432922363,16.2406024932861,16.1519165039063,41.4538230895996,59.6079444885254,32984.6640625,40.4073448181152,100.021392822266,10.1851148605347,1
06-02-2021 00:32:00,24.7436466217041,16.0796222686768,15.989426612854,42.7841300964356,64.7614593505859,32548.01953125,41.3432197570801,100.015892028809,10.2166843414307,1
06-02-2021 00:33:00,25.3110313415527,16.2742404937744,16.1832714080811,42.7946166992188,68.0323791503906,46463.09375,41.4578742980957,98.3226318359375,10.2587423324585,1
06-02-2021 00:34:00,25.3816394805908,15.8414573669434,15.7517786026001,44.0381278991699,74.1803741455078,51350.8046875,42.4473190307617,97.3429641723633,10.3207626342773,1
06-02-2021 00:35:00,25.8262920379639,16.0015697479248,15.9130096435547,43.1172904968262,78.4059677124023,54743.96875,41.658618927002,94.4785232543945,10.4270992279053,1
06-02-2021 00:36:00,25.0928649902344,16.1218547821045,16.0319480895996,38.6038970947266,73.5791397094727,54028.8359375,37.856861114502,91.5924835205078,10.4834699630737,1
06-02-2021 00:37:00,25.0023574829102,16.0403652191162,15.9491939544678,36.9698715209961,67.011604309082,48193.65234375,35.7982711791992,93.4404220581055,10.4706373214722,1
06-02-2021 00:38:00,24.350378036499,16.302173614502,16.211763381958,36.1995162963867,61.6109161376953,35977.84765625,35.1643524169922,99.8241424560547,10.3804054260254,1
06-02-2021 00:39:00,24.3171615600586,16.1451511383057,16.054500579834,34.7140617370605,53.026496887207,33286.9609375,34.1705436706543,99.8279800415039,10.2677812576294,1
06-02-2021 00:40:00,24.2281799316406,15.8935308456421,15.8099193572998,35.1350708007813,46.8264999389649,28157.49609375,34.5972518920898,99.8247146606445,10.1649360656738,1
06-02-2021 00:41:00,24.4328327178955,16.2624549865723,16.1689186096191,36.7720947265625,44.3198852539063,25904.9140625,36.2703895568848,99.8349990844727,10.0708427429199,1
06-02-2021 00:42:00,24.8858184814453,16.2800025939941,16.1853675842285,38.6003265380859,44.2857131958008,23693.771484375,37.9787178039551,99.8341827392578,10.0284271240234,1
06-02-2021 00:43:00,24.7048816680908,15.8145027160645,15.7099523544312,40.6126365661621,46.3707122802734,24432.328125,40.207576751709,99.8362045288086,10.0024757385254,1
06-02-2021 00:44:00,24.4677066802979,16.049654006958,15.9615154266357,42.4940948486328,51.8758201599121,27014.677734375,42.0360374450684,99.8143692016602,10.0200757980347,1
06-02-2021 00:45:00,24.4189605712891,16.0097923278809,15.9204998016357,42.3333473205566,54.9184532165527,32452.525390625,41.8908157348633,99.8367385864258,10.0507822036743,1
06-02-2021 00:46:00,23.9376544952393,16.2133941650391,16.1115436553955,39.2271690368652,51.4648361206055,33082.5078125,38.2903823852539,99.834587097168,10.0622501373291,1
06-02-2021 00:47:00,24.9252033233643,16.1042308807373,16.0175724029541,38.3159561157227,48.0920295715332,22565.671875,37.1914596557617,99.8359680175781,10.0229415893555,1
06-02-2021 00:48:00,25.069938659668,15.9264440536499,15.8722009658813,39.0648155212402,46.7780838012695,2637.94482421875,38.1625518798828,99.8373489379883,10.0027093887329,1
06-02-2021 00:49:00,24.675365447998,15.7583503723145,15.6790924072266,42.7017707824707,53.4079971313477,1748.05822753906,40.8278846740723,99.8354339599609,10.0327377319336,1
06-02-2021 00:50:00,24.8213939666748,16.0760135650635,15.9731006622314,44.1075820922852,60.761589050293,31565.099609375,43.0221786499024,99.8533935546875,10.0488920211792,1
06-02-2021 00:51:00,24.1575355529785,15.6473340988159,15.5408449172974,43.1819496154785,63.6042251586914,37980.328125,42.9718437194824,99.5289764404297,10.002667427063,1
06-02-2021 00:52:00,24.2738800048828,16.0227375030518,15.9017515182495,40.046630859375,62.5214996337891,45353.71875,39.3326301574707,99.8071670532227,10.0302648544312,1
06-02-2021 00:53:00,24.197582244873,16.0075931549072,15.9118194580078,37.8527755737305,57.6743431091309,5385.4091796875,36.945915222168,99.9513626098633,10.098484992981,1
06-02-2021 00:54:00,24.6234951019287,16.3504066467285,16.2601127624512,37.0885314941406,53.3351135253906,10800.61328125,36.561710357666,99.9650268554688,10.1544828414917,1
06-02-2021 00:55:00,24.3973445892334,16.4404964447021,16.3373622894287,36.8785209655762,48.7839469909668,28351.021484375,36.2484245300293,99.9804153442383,10.0959405899048,1
06-02-2021 00:56:00,24.0363330841064,16.2702007293701,16.1807765960693,38.6558494567871,48.3909721374512,27705.9296875,37.8249855041504,99.9799423217774,10.0446949005127,1
06-02-2021 00:57:00,23.6205863952637,15.9527673721313,15.8473205566406,39.8919372558594,49.2916030883789,29898.65234375,39.0013656616211,99.9794616699219,9.99675178527832,1
06-02-2021 00:58:00,23.989185333252,16.0024299621582,15.9097423553467,42.5276374816895,54.9051475524902,32769.9140625,41.1249923706055,99.9789810180664,9.95907592773438,1
06-02-2021 00:59:00,24.745023727417,16.0381240844727,15.9094924926758,43.4476165771484,60.3550529479981,35224.734375,42.1001052856445,99.9929809570313,9.96486282348633,1
06-02-2021 01:00:00,23.7296733856201,15.858998298645,15.7647094726563,42.8641891479492,63.7382202148438,20253.6953125,41.3691825866699,99.9973220825195,9.98983097076416,1
06-02-2021 01:01:00,23.7814483642578,15.9383411407471,15.836124420166,40.9471435546875,63.4698753356934,20120.244140625,39.688591003418,99.9943771362305,10.1110315322876,1
06-02-2021 01:02:00,23.2976493835449,16.3253364562988,16.2347221374512,38.8617362976074,60.3624649047852,13056.4990234375,38.1093902587891,99.9976577758789,10.1577444076538,1
06-02-2021 01:03:00,23.8787841796875,16.288200378418,16.1920337677002,38.0167198181152,57.1018180847168,35771.1796875,37.2692756652832,99.9981536865234,10.1930065155029,1
06-02-2021 01:04:00,24.4886379241943,16.1649971008301,16.0641803741455,38.3061828613281,54.9721984863281,32830.17578125,37.6309471130371,100.007064819336,10.2244882583618,1
06-02-2021 01:05:00,23.6613216400146,16.1893310546875,16.0956230163574,38.676197052002,53.7969627380371,16469.3984375,38.1193771362305,99.9840316772461,10.2445058822632,1
06-02-2021 01:06:00,23.7961845397949,16.0522785186768,15.9499740600586,39.3441162109375,52.7911148071289,28107.05859375,38.8216018676758,99.9863662719727,10.1800947189331,1
06-02-2021 01:07:00,23.548828125,16.1219654083252,16.0279369354248,39.575740814209,52.9340438842773,29851.720703125,39.1462249755859,100.005210876465,10.1699228286743,1
06-02-2021 01:08:00,23.2438373565674,15.9647045135498,15.849609375,40.1246223449707,53.4638290405273,30974.798828125,39.6503601074219,100.007095336914,10.1735029220581,1
06-02-2021 01:09:00,23.5395851135254,16.0290908813477,15.911470413208,40.2656402587891,53.9753952026367,31633.9765625,39.8279228210449,99.97900390625,10.1979455947876,1
06-02-2021 01:10:00,23.7130241394043,16.1944942474365,16.103666305542,39.8344345092773,53.6555099487305,31201.509765625,39.5671272277832,100.005355834961,10.2261543273926,1
06-02-2021 01:11:00,23.1501293182373,16.1885108947754,16.0638236999512,39.8975524902344,53.2728385925293,31716.134765625,39.8901329040527,99.9933624267578,10.2365779876709,1
06-02-2021 01:12:00,23.9339542388916,16.1625785827637,16.0770034790039,40.3671340942383,54.0588455200195,32141.54296875,40.3422584533691,99.990592956543,10.3029346466064,1
06-02-2021 01:13:00,23.4311542510986,15.9990367889404,15.9013757705688,41.3026084899902,56.5902709960938,35270.65625,40.8892822265625,100.001777648926,10.3324155807495,1
06-02-2021 01:14:00,24.0605354309082,16.2395420074463,16.1427555084229,41.5990905761719,58.9946823120117,33248.9609375,41.147632598877,99.9910125732422,10.3375606536865,1
06-02-2021 01:15:00,23.6619243621826,15.813268661499,15.721302986145,42.0403289794922,61.9174880981445,35733.09375,41.2109146118164,99.9963912963867,10.3312530517578,1
06-02-2021 01:16:00,23.7931365966797,16.0857696533203,16.0078239440918,40.9923286437988,62.9597434997559,37836.11328125,40.4594688415527,99.9838714599609,10.369068145752,1
06-02-2021 01:17:00,23.5903244018555,16.1925010681152,16.10426902771,39.367790222168,60.761646270752,35149.27734375,38.9541435241699,99.9848327636719,10.4518518447876,1
06-02-2021 01:18:00,23.043924331665,16.3840770721436,16.2970581054687,38.2078742980957,57.3368492126465,35163.14453125,37.7055625915527,99.9924850463867,10.5214862823486,1
06-02-2021 01:19:00,23.576208114624,16.1140117645264,16.0130805969238,37.5230484008789,53.2208786010742,32918.58984375,37.2832565307617,99.9794158935547,10.5848712921143,1
06-02-2021 01:20:00,23.5943698883057,16.311149597168,16.2369327545166,37.904239654541,50.8447265625,25833.5390625,37.7391815185547,99.9840850830078,10.6345338821411,1
06-02-2021 01:21:00,23.8218154907227,16.2425098419189,16.152458190918,38.5052108764648,49.3405685424805,26785.654296875,38.4404716491699,99.9985504150391,10.6376724243164,1
06-02-2021 01:22:00,23.8064594268799,16.2595882415771,16.169412612915,40.2629776000977,51.0743713378906,26788.80859375,40.2035140991211,99.9832534790039,10.650429725647,1
06-02-2021 01:23:00,23.5418548583984,16.0795249938965,15.9892311096191,41.365306854248,53.5274810791016,30969.8984375,41.1452560424805,99.9925155639648,10.658974647522,1
06-02-2021 01:24:00,23.9519596099854,16.1673622131348,16.0756778717041,42.6424789428711,58.332878112793,34144.93359375,42.3706588745117,100.000930786133,10.6527452468872,1
06-02-2021 01:25:00,23.8647155761719,16.001745223999,15.910717010498,42.8080863952637,62.2314910888672,36412.58984375,42.4597320556641,99.9780578613281,10.6778688430786,1
06-02-2021 01:26:00,24.1628341674805,16.0028514862061,15.9090785980225,41.6861877441406,63.4149398803711,39995.7421875,41.5615844726563,99.9791030883789,10.7526702880859,1
06-02-2021 01:27:00,23.4961261749268,16.2363948822021,16.1000881195068,39.8317375183105,61.9101486206055,38828.60546875,39.9829559326172,99.9979629516602,10.8294172286987,1
06-02-2021 01:28:00,23.7075328826904,16.178394317627,16.0659923553467,38.6051559448242,58.6780204772949,34683.453125,38.6975212097168,99.9847717285156,10.9080085754395,1
06-02-2021 01:29:00,23.7426166534424,16.0795249938965,15.9892311096191,38.1499481201172,55.8025321960449,32270.1171875,38.2579956054687,99.9888229370117,10.9524898529053,1
06-02-2021 01:30:00,23.6669692993164,16.0119876861572,15.9130411148071,38.0804023742676,52.9287719726563,30895.169921875,38.2231979370117,99.9807510375977,10.9732131958008,1
06-02-2021 01:31:00,23.9650726318359,16.2365341186523,16.1291217803955,39.2328147888184,52.7981452941895,29487.720703125,39.427188873291,100.000343322754,11.0047168731689,1
06-02-2021 01:32:00,24.027193069458,16.07932472229,15.9863586425781,40.8830757141113,55.3047103881836,32578.970703125,40.9063873291016,100.001831054688,10.9978609085083,1
06-02-2021 01:33:00,23.861946105957,16.0307331085205,15.9146423339844,42.0559310913086,59.0379066467285,35345.4765625,41.9046096801758,99.9864349365234,11.022650718689,1
06-02-2021 01:34:00,23.7610740661621,16.0012531280518,15.9146423339844,42.2882957458496,62.2692451477051,37577.4140625,42.0757942199707,99.9951019287109,11.0737028121948,1
06-02-2021 01:35:00,24.0882244110107,16.0407581329346,15.9741840362549,41.4292907714844,63.7412719726563,37613.12109375,41.4016647338867,99.9814071655274,11.1697883605957,1
06-02-2021 01:36:00,24.050594329834,16.1937236785889,16.1031093597412,40.1034393310547,62.9205780029297,38184.92578125,39.9909172058105,99.9984893798828,11.267954826355,1
06-02-2021 01:37:00,24.2981414794922,16.3134078979492,16.2353496551514,38.4557304382324,59.5378456115723,36298.81640625,38.460563659668,99.9833068847656,11.3796167373657,1
06-02-2021 01:38:00,24.117431640625,16.2354507446289,16.1395149230957,37.9809455871582,56.3743896484375,32737.666015625,37.7412033081055,99.9868774414063,11.4640111923218,1
06-02-2021 01:39:00,24.4876880645752,16.0306243896484,15.9333362579346,39.3880081176758,56.0792961120606,33132.140625,39.2604141235352,99.9901123046875,11.5348882675171,1
06-02-2021 01:40:00,24.4757061004639,16.2348232269287,16.1383075714111,40.6087150573731,57.8649711608887,31901.494140625,40.1590194702149,100.001747131348,11.5650310516357,1
06-02-2021 01:41:00,24.4244422912598,15.9171380996704,15.7979202270508,42.7114677429199,63.2284889221191,36457.39453125,41.7439346313477,99.9909973144531,11.6225757598877,1
06-02-2021 01:42:00,23.8471565246582,15.8869857788086,15.7801218032837,42.6203422546387,66.6713409423828,40689.6640625,41.7650184631348,100.001777648926,11.8989858627319,1
06-02-2021 01:43:00,24.006929397583,15.9567670822144,15.835958480835,40.6217765808106,66.6052856445313,42912.2265625,40.2708854675293,100.000160217285,12.223949432373,1
06-02-2021 01:44:00,23.7375469207764,16.4681816101074,16.3534240722656,38.4472351074219,62.8095397949219,39950.57421875,38.0698509216309,99.989143371582,12.4131155014038,1
06-02-2021 01:45:00,23.7190742492676,16.3686065673828,16.2675952911377,37.3610763549805,57.6204872131348,11186.59375,37.0344734191895,99.9748001098633,12.5384826660156,1
06-02-2021 01:46:00,22.5927410125732,16.4020385742187,16.2971668243408,38.1298027038574,56.0354804992676,29889.119140625,37.8293113708496,100.001663208008,12.6361045837402,1
06-02-2021 01:47:00,23.5727500915527,15.9699459075928,15.8750600814819,39.1388473510742,55.5448570251465,33537.4609375,38.4832458496094,99.9730911254883,12.6296281814575,1
06-02-2021 01:48:00,23.191556930542,16.2511100769043,16.176233291626,40.1403274536133,56.8840942382812,32798.77734375,39.6674461364746,99.9814605712891,12.6045198440552,1
06-02-2021 01:49:00,23.421215057373,15.944016456604,15.8403358459473,40.0252990722656,57.2532234191895,32783.4296875,39.4546585083008,99.9852905273437,12.5923805236816,1
06-02-2021 01:50:00,22.6349754333496,16.0143413543701,15.9213781356812,39.8868103027344,57.1506080627441,34564.12890625,39.4894905090332,100.00032043457,12.5735330581665,1
06-02-2021 01:51:00,23.5932025909424,16.2901020050049,16.1999435424805,40.008544921875,57.3006553649902,32437.0703125,39.7814102172852,99.9955444335938,12.5834426879883,1
06-02-2021 01:52:00,22.8858337402344,16.1153221130371,16.0061874389648,40.364185333252,57.9943695068359,32284.8515625,40.0796508789063,99.9876480102539,12.61732006073,1
06-02-2021 01:53:00,23.3335514068604,16.0874805450439,15.9972610473633,41.0387382507324,60.0037727355957,33284.1171875,40.6203575134277,99.9947738647461,12.6109504699707,1
06-02-2021 01:54:00,23.6063938140869,15.9601230621338,15.8628549575806,41.3043518066406,61.9195556640625,32742.080078125,40.8275947570801,99.8312835693359,12.623405456543,1
06-02-2021 01:55:00,23.3533897399902,16.0439319610596,15.9223070144653,40.0925521850586,61.3408355712891,36287.05859375,39.8223686218262,99.9721145629883,12.6361045837402,1
06-02-2021 01:56:00,23.2049179077148,16.2459144592285,16.1664886474609,39.0098266601562,59.2885971069336,31675.84765625,38.8354606628418,100.000915527344,12.6638488769531,1
06-02-2021 01:57:00,24.1231727600098,16.0940570831299,15.9947843551636,39.1907272338867,58.1650276184082,31055.623046875,39.3486480712891,100.00032043457,12.6804761886597,1
06-02-2021 01:58:00,23.4377937316895,15.9991960525513,15.8905267715454,39.6491203308105,57.5475273132324,31850.197265625,39.7344818115234,99.9869003295899,12.7088918685913,1
06-02-2021 01:59:00,23.6143417358398,15.9656753540039,15.8669166564941,40.5932388305664,59.0275077819824,32299.216796875,40.5048370361328,99.9865417480469,12.703556060791,1
06-02-2021 02:00:00,23.4999465942383,16.1334342956543,16.026927947998,41.2979698181152,61.4452209472656,33363.53515625,41.2495918273926,99.9986801147461,12.7315235137939,1
06-02-2021 02:01:00,23.4926662445068,15.8910865783691,15.8009586334229,41.4130210876465,63.2591934204102,36930.5,41.3658676147461,99.9926681518555,12.7749118804932,1
06-02-2021 02:02:00,23.0649700164795,16.0049362182617,15.910717010498,40.575511932373,64.0734786987305,37529.3125,40.7006454467773,99.9840087890625,12.8101539611816,1
06-02-2021 02:03:00,23.674488067627,15.9274368286133,15.8351049423218,40.0769462585449,63.4192962646484,38404.99609375,39.8978805541992,99.9883651733398,12.8347883224487,1
06-02-2021 02:04:00,23.1564502716064,16.0795249938965,15.9514837265015,39.2336235046387,61.9782257080078,37468.765625,39.1473236083984,99.9866943359375,12.8511610031128,1
06-02-2021 02:05:00,23.7503929138184,16.1083869934082,16.0240077972412,39.4080352783203,60.6895027160645,34322.94140625,39.2541465759277,99.9944076538086,12.9077348709106,1
06-02-2021 02:06:00,23.7890472412109,16.1953754425049,16.1125526428223,39.5622444152832,60.0181388854981,35718.6953125,39.5428161621094,99.9785995483398,12.9429130554199,1
06-02-2021 02:07:00,22.9470691680908,16.1346588134766,16.0370063781738,39.684211730957,59.8300132751465,34136.11328125,39.7619476318359,99.9871520996094,12.9977493286133,1
06-02-2021 02:08:00,23.4678897857666,16.1972999572754,16.1051502227783,39.65234375,59.55517578125,34188.30078125,39.6123313903809,99.9753646850586,13.0270223617554,1
06-02-2021 02:09:00,23.5247745513916,16.3550548553467,16.2632389068604,39.1724548339844,58.1426620483398,34738.81640625,39.2307205200195,100.00227355957,13.0562705993652,1
06-02-2021 02:10:00,23.2080688476562,16.1207695007324,16.028491973877,39.6421890258789,58.1377639770508,33387.734375,39.8652000427246,99.9831695556641,13.0650863647461,1
06-02-2021 02:11:00,24.0949115753174,15.9435892105103,15.8493785858154,41.2658729553223,60.8810386657715,33793.5625,41.1096801757813,100.005157470703,13.0899953842163,1
06-02-2021 02:12:00,24.0609436035156,15.9207038879395,15.8254594802856,42.6080894470215,65.6496353149414,36861.20703125,42.1773834228516,99.990966796875,13.1316909790039,1
06-02-2021 02:13:00,23.0855159759521,16.0080852508545,15.8814897537231,41.8740310668945,67.666374206543,40058.109375,41.6204223632812,100.001396179199,13.1662263870239,1
06-02-2021 02:14:00,23.2016944885254,16.119176864624,16.0253448486328,39.4888610839844,65.1414413452148,39599.5625,39.4619750976562,100.00227355957,13.2407875061035,1
06-02-2021 02:15:00,22.6842975616455,16.209005355835,16.1075782775879,37.9156303405762,61.0918350219727,35483.05078125,37.8386116027832,99.9860534667969,13.2919626235962,1
06-02-2021 02:16:00,24.1370277404785,16.1710681915283,16.0525054931641,38.2802429199219,59.0047912597656,34167.15625,38.1437683105469,100.00227355957,13.3300590515137,1
06-02-2021 02:17:00,23.5664215087891,16.0160694122314,15.9181299209595,39.8450355529785,59.7655220031738,33671.1484375,39.6147689819336,100.001243591309,13.3490943908691,1
06-02-2021 02:18:00,24.1837291717529,16.0197429656982,15.9251480102539,40.5282936096191,61.2748069763184,35457.484375,40.3022727966309,100.015678405762,13.3547954559326,1
06-02-2021 02:19:00,23.6318359375,16.1271648406982,16.0281143188477,40.8392028808594,62.4788398742676,35278.484375,40.5624885559082,100.001251220703,13.4082651138306,1
06-02-2021 02:20:00,23.8530464172363,15.9656753540039,15.8714561462402,40.499397277832,62.7106056213379,35436.8828125,40.3441925048828,100.008399963379,13.4476776123047,1
06-02-2021 02:21:00,24.1829509735107,16.4282512664795,16.3320064544678,39.7908363342285,62.509578704834,36312.53125,39.6725616455078,100.0009765625,13.5012998580933,1
06-02-2021 02:22:00,23.32541847229,16.1089458465576,16.0217971801758,39.4634590148926,61.0195541381836,35793.015625,39.0328330993652,100.006790161133,13.5361652374268,1
06-02-2021 02:23:00,23.5538787841797,16.3835144042969,16.2848453521729,39.4783782958984,60.5449600219727,34485.1484375,39.1506614685059,100.022987365723,13.556999206543,1
06-02-2021 02:24:00,24.0946941375732,15.9707412719727,15.8759098052979,40.7059364318848,61.9609756469727,34930.2734375,40.2390060424805,100.005683898926,13.5819721221924,1
06-02-2021 02:25:00,24.0811138153076,16.043119430542,15.9258728027344,40.6809768676758,62.9975357055664,35949.9921875,40.402473449707,100.006034851074,13.6129293441772,1
06-02-2021 02:26:00,24.3397121429443,16.0036392211914,15.9376516342163,39.4412384033203,61.586296081543,35534.8203125,39.1783790588379,100.004241943359,13.670539855957,1
06-02-2021 02:27:00,24.4525012969971,16.1903266906738,16.106466293335,38.6610870361328,59.1112632751465,33739.81640625,38.5550651550293,100.019058227539,13.7209358215332,1
06-02-2021 02:28:00,24.3393402099609,16.375415802002,16.2881565093994,39.3671417236328,59.0131607055664,34189.5,39.2557716369629,99.9984893798828,13.7735280990601,1
06-02-2021 02:29:00,23.6786460876465,16.1899147033691,16.0659599304199,40.5136642456055,60.5016326904297,33812.61328125,40.2508735656738,100.01490020752,13.7960042953491,1
06-02-2021 02:30:00,24.440767288208,16.1187858581543,16.0240383148193,42.0842018127441,64.5963668823242,35401.609375,41.5478897094727,99.9770126342773,13.8270139694214,1
06-02-2021 02:31:00,23.8250865936279,15.9336442947388,15.8414211273193,41.4119720458984,65.9932022094727,37585.140625,41.0633583068848,100.001106262207,13.8885221481323,1
06-02-2021 02:32:00,23.9253406524658,16.3248462677002,16.2324771881104,39.8999900817871,65.0048980712891,37867.328125,39.557544708252,100.009422302246,13.9656352996826,1
06-02-2021 02:33:00,23.6043491363525,15.8865766525269,15.7968673706055,39.1749801635742,63.0572662353516,36157.38671875,38.8832130432129,100.004135131836,14.0349855422974,1
06-02-2021 02:34:00,24.0434970855713,16.0795249938965,15.9882535934448,39.0597839355469,61.7632026672363,35141.68359375,38.8947296142578,100.00227355957,14.0890970230103,1
06-02-2021 02:35:00,23.4723052978516,16.1213207244873,16.0246334075928,39.7121276855469,61.9268569946289,35711.16796875,39.3154067993164,100.01293182373,14.142406463623,1
06-02-2021 02:36:00,24.0665836334229,15.8871612548828,15.8023290634155,40.0464401245117,61.8660430908203,33892.94921875,39.7197380065918,85.4134140014648,14.1668863296509,1
06-02-2021 02:37:00,23.6398544311523,16.078914642334,15.9842309951782,40.2659683227539,62.5153694152832,34774.1484375,39.8713226318359,84.9624099731445,14.2243614196777,1
06-02-2021 02:38:00,24.507209777832,16.3121166229248,16.2208557128906,39.4062690734863,61.3109664916992,34166.35546875,39.1127738952637,85.3903503417969,14.2321491241455,1
06-02-2021 02:39:00,23.5493946075439,16.1446971893311,16.0341548919678,38.7954788208008,59.0009956359863,33055.65234375,38.3710479736328,85.3903503417969,13.9495248794556,1
06-02-2021 02:40:00,24.3612422943115,16.1358280181885,16.0429172515869,38.7647972106934,57.0385971069336,33396.34375,38.3741264343262,85.3903503417969,13.6245107650757,1
06-02-2021 02:41:00,24.528881072998,16.2012062072754,16.1078567504883,39.971492767334,58.0332641601563,32639.546875,39.5853652954102,85.3903503417969,13.5510940551758,1
06-02-2021 02:42:00,24.1492443084717,15.7715063095093,15.6790924072266,41.1885833740234,60.576717376709,33945.35546875,40.6874885559082,81.107421875,13.5569763183594,1
06-02-2021 02:43:00,24.5559329986572,16.1495761871338,16.0592994689941,40.5049018859863,61.4221725463867,35582.45703125,40.1076507568359,80.2846145629883,13.5695295333862,1
06-02-2021 02:44:00,24.0090236663818,16.0049362182617,15.910717010498,40.5586547851563,62.0335388183594,34917.71484375,40.0436935424805,80.2978134155273,13.6260099411011,1
06-02-2021 02:45:00,24.5109062194824,15.9569540023804,15.86159324646,39.8535041809082,61.095344543457,35636.8671875,39.3152046203613,75.2721710205078,13.6773815155029,1
06-02-2021 02:46:00,23.8606834411621,16.1483745574951,16.0441608428955,40.1607208251953,61.4339637756348,34711.1171875,39.6635475158691,75.2558288574219,13.7340612411499,1
06-02-2021 02:47:00,25.8482646942139,15.9179611206055,15.8143320083618,40.0818367004395,61.5231399536133,33526.5,39.5645294189453,70.2581405639648,13.7769460678101,1
06-02-2021 02:48:00,24.8357944488525,16.0902500152588,15.9892311096191,39.9227905273437,61.092456817627,35256.77734375,39.403450012207,70.2579193115234,13.8020753860474,1
06-02-2021 02:49:00,24.3284549713135,16.2071189880371,16.0826568603516,39.7153816223145,60.6151962280273,33279.48046875,39.0594444274902,70.2577056884766,13.8589334487915,1
06-02-2021 02:50:00,24.4878349304199,15.9919128417969,15.9036254882813,39.2767868041992,59.0239944458008,33949.8984375,38.6195945739746,70.2574920654297,13.8962450027466,1
06-02-2021 02:51:00,25.2927379608154,16.2108974456787,16.1165904998779,39.7326469421387,59.2050094604492,33857.6484375,39.2657203674316,70.2572784423828,13.9277658462524,1
06-02-2021 02:52:00,23.6840934753418,15.9621772766113,15.8558893203735,40.2559280395508,59.6946258544922,33039.6640625,39.6105041503906,70.2570571899414,13.9714651107788,1
06-02-2021 02:53:00,25.2320938110352,16.2228240966797,16.1261959075928,40.5608062744141,61.1596221923828,34638.5390625,40.0292892456055,70.2568435668945,14.009051322937,1
06-02-2021 02:54:00,24.1665630340576,15.8518295288086,15.7359857559204,40.6028861999512,61.5195732116699,34832.05859375,39.951831817627,70.2566299438477,14.0468072891235,1
06-02-2021 02:55:00,24.4701538085937,16.0821437835693,15.9874086380005,40.2339248657227,62.0167236328125,34678.5078125,39.6748275756836,70.2564163208008,14.1115436553955,1
06-02-2021 02:56:00,25.4503803253174,15.889045715332,15.793212890625,40.0544281005859,61.9824447631836,32371.33203125,39.6703758239746,59.9873046875,14.1742248535156,1
06-02-2021 02:57:00,26.0147705078125,16.3605995178223,16.2574443817139,39.3647918701172,60.7333564758301,24200.53125,38.9734878540039,60.4397506713867,14.2166423797607,1
06-02-2021 02:58:00,25.4433784484863,16.1972999572754,16.1030807495117,39.5778427124023,60.1631813049316,36370.7578125,39.1199645996094,60.4639472961426,14.2803182601929,1
06-02-2021 02:59:00,26.5149745941162,16.0995254516602,16.0078010559082,39.4082260131836,59.1083450317383,34724.08984375,39.0513687133789,60.4672317504883,14.2987241744995,1
06-02-2021 03:00:00,26.9325408935547,16.2666187286377,16.1559467315674,39.6296501159668,59.0679664611816,31981.96484375,39.0854148864746,49.8825950622559,14.3267908096313,1
06-02-2021 03:01:00,28.4281120300293,15.9278526306152,15.8033494949341,39.4962348937988,58.1754455566406,33529.12890625,38.9526977539062,49.6596717834473,14.3484239578247,1
06-02-2021 03:02:00,27.6032867431641,16.0798664093018,15.9853057861328,40.0135231018066,58.4429779052734,31599.591796875,39.3815727233887,50.7097702026367,14.3810434341431,1
06-02-2021 03:03:00,28.6486110687256,15.9064636230469,15.8141069412231,40.5595855712891,59.3288764953613,31967.31640625,39.9780044555664,49.9409561157227,14.406436920166,1
06-02-2021 03:04:00,28.2934989929199,15.8266248703003,15.7183494567871,41.1994895935059,61.4533500671387,33156.8125,40.5662574768066,51.0351104736328,14.4460525512695,1
06-02-2021 03:05:00,27.4017353057861,16.1085567474365,16.006814956665,41.248966217041,63.1792259216309,33660.2890625,40.6427421569824,49.6862716674805,14.4990816116333,1
06-02-2021 03:06:00,27.3965358734131,15.865930557251,15.7576065063477,40.4267082214355,62.9806442260742,34760.56640625,39.8291358947754,50.6194915771484,14.533073425293,1
06-02-2021 03:07:00,27.7150249481201,16.4663257598877,16.3700370788574,39.7035064697266,61.8283996582031,35215.08984375,38.9832420349121,50.6904373168945,14.5894298553467,1
06-02-2021 03:08:00,27.5788040161133,16.0784130096436,15.9429025650024,39.6195373535156,61.2317276000977,35338.953125,38.8481636047363,50.8861961364746,14.6236057281494,1
06-02-2021 03:09:00,27.8726234436035,16.2673225402832,16.1418113708496,39.525707244873,60.4964408874512,35530,38.9715042114258,50.9615287780762,14.6648941040039,1
06-02-2021 03:10:00,28.2558670043945,16.0228309631348,15.9101228713989,39.8928718566894,60.5606689453125,33964.3984375,39.2180786132812,50.7136840820313,14.6834926605225,1
06-02-2021 03:11:00,28.3850574493408,15.9424133300781,15.848292350769,39.8572654724121,60.221076965332,33076.43359375,39.1986618041992,50.6985816955566,14.7255296707153,1
06-02-2021 03:12:00,27.9240760803223,16.4216976165771,16.2885303497314,39.5151176452637,59.7047691345215,34981.609375,39.0449066162109,49.5105438232422,14.75266456604,1
06-02-2021 03:13:00,28.3532943725586,16.1148567199707,16.0241718292236,39.9693298339844,59.646411895752,31576.1328125,39.2638206481934,50.8439178466797,14.7905597686768,1
06-02-2021 03:14:00,28.2359313964844,15.8799343109131,15.7576065063477,40.22216796875,59.5731391906738,31334.87109375,39.5651779174805,49.9039726257324,14.8096675872803,1
06-02-2021 03:15:00,28.3806762695312,15.8910865783691,15.7615346908569,40.2607154846191,59.8824577331543,32709.849609375,39.5900535583496,50.931396484375,14.8406677246094,1
06-02-2021 03:16:00,28.0003776550293,16.3133945465088,16.2169303894043,40.3146629333496,60.7676124572754,30423.58984375,39.6924324035645,50.8821754455566,14.8632926940918,1
06-02-2021 03:17:00,27.8387184143066,16.0034351348877,15.9195003509521,39.9310722351074,60.4304428100586,39183.01171875,39.2603797912598,50.8281173706055,14.898796081543,1
06-02-2021 03:18:00,27.9833297729492,16.1959533691406,16.1007633209229,39.8417892456055,60.1260681152344,32522.330078125,39.144100189209,50.3977165222168,14.9486751556396,1
06-02-2021 03:19:00,28.2116222381592,16.0491619110107,15.9553413391113,39.7284812927246,59.556999206543,38195.12109375,39.0352478027344,50.4689865112305,14.9615678787231,1
06-02-2021 03:20:00,27.2875919342041,16.1187858581543,16.0236396789551,40.0192680358887,60.0343055725098,32011.68359375,39.3163146972656,50.5584602355957,14.9920749664307,1
06-02-2021 03:21:00,27.9685516357422,15.9199190139771,15.8174047470093,40.0697975158691,60.0002288818359,34189.3125,39.4024543762207,50.5652656555176,15.0080509185791,1
06-02-2021 03:22:00,27.9841785430908,16.2758178710938,16.1789493560791,39.9145545959473,60.0009918212891,33576.5703125,39.2045707702637,50.5783424377441,15.0421905517578,1
06-02-2021 03:23:00,26.7946834564209,15.8829517364502,15.7929420471191,40.0511627197266,59.5401802062988,33508.51953125,39.1427574157715,50.5641441345215,15.0529909133911,1
06-02-2021 03:24:00,27.853572845459,16.2338619232178,16.1396713256836,39.849723815918,59.4709320068359,32787.2265625,39.2789192199707,50.5845451354981,14.7223892211914,1
06-02-2021 03:25:00,27.1295490264893,15.9314966201782,15.8416910171509,40.083797454834,59.6079139709473,33004.9765625,39.3075103759766,50.5753860473633,14.4016351699829,1
06-02-2021 03:26:00,27.1202907562256,16.0363178253174,15.9472408294678,39.6006507873535,59.0476188659668,33747.38671875,38.9909286499023,50.5812721252441,14.0600414276123,1
06-02-2021 03:27:00,27.0057888031006,16.1332378387451,16.0554904937744,39.4217948913574,58.2110443115234,32777.08203125,38.7237358093262,50.5833778381348,13.9601135253906,1
06-02-2021 03:28:00,28.3080921173096,16.0281772613525,15.9298763275146,39.4389953613281,57.2297172546387,31790.8046875,38.7257766723633,50.5854873657227,13.966269493103,1
06-02-2021 03:29:00,27.8929634094238,15.9645586013794,15.8692026138306,39.6517372131348,57.0830192565918,32031.806640625,38.9622535705566,50.5875968933106,13.9908981323242,1
06-02-2021 03:30:00,27.6533241271973,16.0053806304932,15.9091472625732,39.7783622741699,56.9657859802246,31763.744140625,39.0916481018066,50.4387397766113,13.9993381500244,1
06-02-2021 03:31:00,28.1406517028809,15.8871612548828,15.777663230896,39.646842956543,56.2973327636719,30988.416015625,39.0826225280762,49.4578742980957,14.0116853713989,1
06-02-2021 03:32:00,27.7074604034424,15.8401851654053,15.7452831268311,39.1209487915039,54.7965087890625,29430.2890625,38.4611968994141,49.8494529724121,14.0093584060669,1
06-02-2021 03:33:00,27.2909908294678,15.7741718292236,15.6761713027954,39.1411895751953,53.4862365722656,29118.197265625,38.4440155029297,49.8974075317383,14.0204105377197,1
06-02-2021 03:34:00,26.7537631988525,15.8562822341919,15.7553472518921,38.753288269043,51.4389953613281,29342.3125,38.2015686035156,49.8099937438965,14.0148401260376,1
06-02-2021 03:35:00,27.8509197235107,15.8986005783081,15.7920036315918,39.1076049804687,50.5254821777344,27398.89453125,38.5931282043457,50.5040245056152,13.9850854873657,1
06-02-2021 03:36:00,27.4042987823486,15.8515796661377,15.7502851486206,39.8720436096191,50.8204765319824,28466.673828125,39.3572273254395,49.7898330688477,13.9844436645508,1
06-02-2021 03:37:00,26.2763023376465,16.0597515106201,15.9652214050293,40.2328147888184,51.3444938659668,27107.708984375,39.8616218566895,50.8450241088867,13.9588403701782,1
06-02-2021 03:38:00,26.6523666381836,15.9209995269775,15.8229694366455,40.2174415588379,51.3772888183594,27512.89453125,39.8141746520996,49.7214660644531,13.9303998947144,1
06-02-2021 03:39:00,26.4795913696289,16.0049362182617,15.9067878723145,39.3783645629883,50.0259208679199,27716.462890625,39.0265464782715,49.9560585021973,13.8900184631348,1
06-02-2021 03:40:00,26.1140270233154,16.1619453430176,16.0638236999512,39.133228302002,48.6045303344727,28226.3828125,38.8989028930664,49.7288246154785,13.8454942703247,1
06-02-2021 03:41:00,26.2446994781494,16.1676635742187,16.0748100280762,39.6905670166016,48.5004730224609,26597.20703125,39.4209899902344,50.4987754821777,13.8020753860474,1
06-02-2021 03:42:00,25.5871448516846,15.9736442565918,15.8714561462402,39.8058700561523,48.5311431884766,25915.09765625,39.6152839660645,49.7807579040527,13.7642440795898,1
06-02-2021 03:43:00,26.2241535186768,16.0899829864502,15.9953670501709,39.6706886291504,48.1859588623047,26696.490234375,39.529426574707,50.2451782226563,13.7402639389038,1
06-02-2021 03:44:00,26.1014785766602,16.2287483215332,16.1150913238525,39.8162117004395,48.1531944274902,27055.681640625,39.6256065368652,49.840015411377,13.6899003982544,1
06-02-2021 03:45:00,26.4723834991455,15.8098154067993,15.7148113250732,40.3517456054688,48.8883857727051,25368.59765625,40.1141815185547,49.6946105957031,13.6442537307739,1
06-02-2021 03:46:00,26.5247497558594,16.3667469024658,16.2176361083984,40.1750755310059,48.9977645874023,26416.880859375,39.9036026000977,49.673225402832,13.599534034729,1
06-02-2021 03:47:00,26.8478412628174,15.8737983703613,15.7775621414185,40.6453704833984,49.9640083312988,26419.208984375,40.3081321716309,49.7333641052246,13.5439414978027,1
06-02-2021 03:48:00,26.0327548980713,16.3233509063721,16.2210121154785,40.421516418457,50.6811676025391,27997.9140625,40.2648391723633,49.8182106018066,13.5250205993652,1
06-02-2021 03:49:00,26.017427444458,16.001537322998,15.9101734161377,40.3347625732422,50.8985328674316,26654.19140625,40.1062469482422,49.7461776733398,13.4974842071533,1
06-02-2021 03:50:00,26.062255859375,16.1542263031006,16.0598983764648,40.2647209167481,51.2297973632812,22584.484375,40.1657333374024,49.9499740600586,13.468186378479,1
06-02-2021 03:51:00,26.4340324401855,15.9090127944946,15.7541475296021,40.0018272399902,51.044116973877,28490.904296875,39.7340660095215,50.5687217712402,13.437087059021,1
06-02-2021 03:52:00,26.5266933441162,15.8755893707275,15.7800540924072,39.9145584106445,50.5671730041504,30803.7734375,39.7226905822754,50.3281936645508,13.3989772796631,1
06-02-2021 03:53:00,26.4237213134766,16.3106994628906,16.213529586792,39.413631439209,49.696174621582,28472.158203125,39.270320892334,50.3562622070313,13.3701333999634,1
06-02-2021 03:54:00,26.1051273345947,16.0010108947754,15.9074544906616,39.5234985351562,49.1606979370117,27825.421875,39.1920394897461,50.3768157958984,13.3495845794678,1
06-02-2021 03:55:00,25.6675643920898,15.9978466033936,15.9074392318726,39.3690490722656,48.2435340881348,25166.546875,39.1222686767578,50.4141578674316,13.304594039917,1
06-02-2021 03:56:00,24.877815246582,15.8910865783691,15.7945117950439,39.7275466918945,48.0647239685059,23224.146484375,39.4776611328125,50.4414253234863,13.2793283462524,1
06-02-2021 03:57:00,26.4001655578613,16.0795249938965,16.0015335083008,40.0013465881348,48.2542724609375,24559.2578125,39.9770660400391,50.422119140625,13.2215805053711,1
06-02-2021 03:58:00,26.0494060516357,15.9797792434692,15.8741903305054,40.4208641052246,49.2329750061035,26438.169921875,40.3493919372559,50.4404716491699,13.1791944503784,1
06-02-2021 03:59:00,26.0921192169189,15.8779058456421,15.7947578430176,40.2707176208496,49.2146339416504,27677.005859375,40.0786056518555,50.4208030700684,13.1466646194458,1
06-02-2021 04:00:00,26.8125820159912,16.0987091064453,16.0255126953125,40.3596725463867,49.6237182617188,25983.873046875,40.1709213256836,50.4382209777832,13.1129302978516,1
06-02-2021 04:01:00,26.3138694763184,16.1565914154053,16.0864105224609,40.0716896057129,49.8119506835937,27265.06640625,39.843448638916,50.4156646728516,13.089861869812,1
06-02-2021 04:02:00,26.4126739501953,16.0375518798828,15.9267520904541,40.155590057373,49.8555679321289,26099.162109375,39.9616050720215,50.4172248840332,13.0361995697022,1
06-02-2021 04:03:00,26.0601711273193,15.9765605926514,15.8817272186279,40.5541381835937,50.5373611450195,27026.021484375,40.3965072631836,50.4209480285645,13.0205507278442,1
06-02-2021 04:04:00,25.8788967132568,16.1544380187988,16.0618896484375,40.4342079162598,50.9548301696777,26833.763671875,40.2191619873047,50.4189987182617,12.970516204834,1
06-02-2021 04:05:00,25.9738388061523,15.9824533462524,15.8907899856567,39.6481704711914,50.064380645752,28611.6484375,39.5397109985352,50.439998626709,12.9492959976196,1
06-02-2021 04:06:00,26.3283290863037,16.3433227539063,16.2601127624512,39.2711486816406,48.655574798584,29831.390625,39.1190338134766,50.4410247802734,12.8952083587647,1
06-02-2021 04:07:00,26.4598617553711,16.0813140869141,15.9945945739746,39.4302177429199,47.9215507507324,25031.40234375,39.1639747619629,50.4377365112305,12.8559303283691,1
06-02-2021 04:08:00,26.8720245361328,16.2078552246094,16.1151809692383,39.8499031066895,48.2134742736816,26147.302734375,39.6023750305176,50.4337387084961,12.8120021820068,1
06-02-2021 04:09:00,26.286642074585,16.0131397247314,15.9316987991333,40.5144729614258,49.292293548584,23801.080078125,40.1747131347656,50.4439582824707,12.7746429443359,1
06-02-2021 04:10:00,27.1539688110352,15.9565963745117,15.861647605896,40.4611167907715,50.0094909667969,27478.81640625,40.3140029907227,50.4353446960449,12.7543640136719,1
06-02-2021 04:11:00,26.9182720184326,15.9239368438721,15.8336544036865,40.144458770752,49.9618759155274,28966.51171875,39.9426765441895,50.4244728088379,12.7115688323975,1
06-02-2021 04:12:00,26.7864017486572,16.2125644683838,16.106616973877,40.2176246643066,50.2247467041016,28427.361328125,39.9429168701172,50.4343338012695,12.6932678222656,1
06-02-2021 04:13:00,25.7454280853271,15.8380002975464,15.7464265823364,40.4950294494629,51.0201530456543,27577.1875,40.1472091674805,50.4436187744141,12.6488342285156,1
06-02-2021 04:14:00,26.8729648590088,16.2641773223877,16.1776332855225,40.245964050293,51.5136833190918,29930.10546875,40.1140556335449,50.4359359741211,12.6105165481567,1
06-02-2021 04:15:00,26.6548633575439,16.0128936767578,15.9132919311523,39.8814163208008,51.0818824768066,28436.494140625,39.6663398742676,50.4325714111328,12.5979795455933,1
06-02-2021 04:16:00,26.3292102813721,16.0447597503662,15.9530296325684,39.3077659606934,49.5311889648437,30744.751953125,38.9874725341797,50.442626953125,12.56711769104,1
06-02-2021 04:17:00,26.6282157897949,15.9281759262085,15.8373022079468,39.3488121032715,48.3853759765625,25891.384765625,38.9338073730469,50.442626953125,12.5418891906738,1
06-02-2021 04:18:00,27.1411533355713,16.113317489624,16.0231914520264,39.7017822265625,48.0726089477539,26747.341796875,39.4355201721191,50.442626953125,12.4981307983398,1
06-02-2021 04:19:00,27.1573581695557,16.2070465087891,16.1204166412354,40.1094741821289,48.6366195678711,28825.3125,39.817008972168,50.442626953125,12.4667148590088,1
06-02-2021 04:20:00,26.8298244476318,16.2718925476074,16.155517578125,40.4052734375,49.4657402038574,27868.455078125,40.1531181335449,50.442626953125,12.4473266601563,1
06-02-2021 04:21:00,27.2885303497314,16.0963726043701,15.9980030059814,40.2375259399414,49.6017799377441,28017.791015625,39.9314651489258,50.442626953125,12.3962125778198,1
06-02-2021 04:22:00,26.8690280914307,15.9637956619263,15.8753814697266,40.2217788696289,49.7294464111328,27334.845703125,39.8355522155762,50.442626953125,12.3779373168945,1
06-02-2021 04:23:00,27.679235458374,16.0041427612305,15.9181671142578,39.7047386169434,49.2689437866211,24604.921875,39.4561996459961,50.442626953125,12.3274459838867,1
06-02-2021 04:24:00,26.2215385437012,16.2067451477051,16.1124744415283,39.977165222168,49.6107063293457,27972.634765625,39.6448020935059,50.442626953125,12.3080997467041,1
06-02-2021 04:25:00,26.6729183197021,16.0187835693359,15.9192152023315,39.9910736083984,49.6126861572266,28026.6015625,39.535572052002,50.442626953125,12.2521209716797,1
06-02-2021 04:26:00,27.3957633972168,16.004222869873,15.9153423309326,40.0665435791016,49.5871772766113,27209.59375,39.6641387939453,50.442626953125,12.2326221466064,1
06-02-2021 04:27:00,27.6250247955322,15.9570350646973,15.8686618804932,39.9536590576172,49.3834953308105,27294.134765625,39.4659805297852,50.442626953125,12.2003536224365,1
06-02-2021 04:28:00,26.0101318359375,16.3505039215088,16.2447032928467,39.7840309143066,49.1841697692871,27876.734375,39.332347869873,50.442626953125,12.1765480041504,1
06-02-2021 04:29:00,26.6993064880371,16.1949615478516,16.1085777282715,39.9648323059082,49.2703323364258,27600.005859375,39.5905723571777,50.442626953125,12.1518402099609,1
06-02-2021 04:30:00,27.1840419769287,15.8871612548828,15.7856025695801,39.722728729248,48.4625511169434,25309.849609375,39.2167053222656,50.442626953125,12.0951824188232,1
06-02-2021 04:31:00,26.6282730102539,16.1110801696777,16.0237884521484,39.9405364990234,48.6212615966797,28014.158203125,39.4075126647949,50.442626953125,12.0691890716553,1
06-02-2021 04:32:00,28.2395191192627,15.9238624572754,15.8266191482544,39.8974838256836,48.2883911132813,27547.279296875,39.3644485473633,50.442626953125,12.0207595825195,1
06-02-2021 04:33:00,27.4113731384277,15.8783073425293,15.7938604354858,39.9228630065918,48.0501861572266,24802.154296875,39.4247245788574,50.442626953125,11.9868106842041,1
06-02-2021 04:34:00,26.3308353424072,16.115306854248,15.9974479675293,39.9996604919434,48.210563659668,26814.62109375,39.7030830383301,50.442626953125,11.955397605896,1
06-02-2021 04:35:00,26.8881855010986,15.8333005905151,15.7356882095337,40.1183128356934,48.4136199951172,27501.185546875,39.5160331726074,50.442626953125,11.9194965362549,1
06-02-2021 04:36:00,28.2316017150879,16.367603302002,16.2838153839111,40.3161125183105,48.7761154174805,26990.5859375,39.5580406188965,50.442626953125,11.8831586837769,1
06-02-2021 04:37:00,27.6555786132812,15.8739767074585,15.7738389968872,40.4934768676758,49.7083511352539,25023.7109375,39.7768402099609,50.442626953125,11.8361186981201,1
06-02-2021 04:38:00,27.2523765563965,16.109489440918,16.0271434783936,40.1801261901855,49.6038780212402,27033.3125,39.7513008117676,50.442626953125,11.817421913147,1
06-02-2021 04:39:00,27.5838012695313,15.8445482254028,15.7595138549805,40.1399803161621,49.733081817627,28584.33203125,39.4896850585937,50.442626953125,11.8101949691772,1
06-02-2021 04:40:00,26.4643726348877,16.0866775512695,15.9990882873535,39.9059143066406,49.5970420837402,28387.064453125,39.3828544616699,50.442626953125,11.7723140716553,1
06-02-2021 04:41:00,26.090274810791,15.8900699615479,15.820538520813,39.709400177002,48.908332824707,28354.171875,38.8777351379395,50.442626953125,11.7504396438599,1
06-02-2021 04:42:00,27.087158203125,15.8545227050781,15.7673635482788,39.5054473876953,47.9878768920898,26935.638671875,38.8519859313965,50.442626953125,11.6963481903076,1
06-02-2021 04:43:00,26.7403659820557,16.1226425170898,16.0365180969238,39.5331954956055,47.1457099914551,25063.849609375,38.8505630493164,50.442626953125,11.6538686752319,1
06-02-2021 04:44:00,27.8056163787842,16.0968437194824,16.0085792541504,39.8390159606934,47.1416511535645,25600.765625,39.1783714294434,50.442626953125,11.6350526809692,1
06-02-2021 04:45:00,27.9387359619141,15.9611005783081,15.8793067932129,40.2184944152832,47.447696685791,24358.98046875,39.5970420837402,50.442626953125,11.596830368042,1
06-02-2021 04:46:00,28.2187786102295,16.2094287872314,16.1247653961182,40.1331024169922,48.0050277709961,27738.2734375,39.4939270019531,50.442626953125,11.5781259536743,1
06-02-2021 04:47:00,27.4940376281738,15.9635963439941,15.8675489425659,40.3837890625,48.5167961120605,25345.64453125,39.7333793640137,50.442626953125,11.5335893630981,1
06-02-2021 04:48:00,27.4090595245361,16.250020980835,16.1669178009033,39.8322639465332,48.2766952514649,26529.822265625,39.3552207946777,50.442626953125,11.5006771087646,1
06-02-2021 04:49:00,27.940746307373,15.9547338485718,15.8690729141235,39.7156524658203,47.9763488769531,27215.150390625,39.2481269836426,50.442626953125,11.4762868881226,1
06-02-2021 04:50:00,26.8766613006592,16.3532180786133,16.2698802947998,39.4248886108398,46.9112510681152,27190.033203125,38.896427154541,50.442626953125,11.4334659576416,1
06-02-2021 04:51:00,26.0626754760742,16.2630519866943,16.175853729248,39.9803428649902,47.6154899597168,25503.05859375,39.3597793579102,50.442626953125,11.4109106063843,1
06-02-2021 04:52:00,27.4350624084473,16.0770301818848,15.9889850616455,40.2435874938965,47.7994003295899,25109.056640625,39.581413269043,50.442626953125,11.3635768890381,1
06-02-2021 04:53:00,27.9975109100342,16.222692489624,16.1342544555664,40.2773056030273,48.3412857055664,24746.921875,39.6952781677246,50.442626953125,11.3332777023315,1
06-02-2021 04:54:00,26.6388053894043,15.7810640335083,15.7121133804321,39.8488502502441,47.8940925598145,24382.078125,39.294506072998,50.442626953125,11.30055809021,1
06-02-2021 04:55:00,27.7603931427002,16.2722816467285,16.1857681274414,39.6472473144531,47.6834526062012,26017.330078125,39.142204284668,50.442626953125,11.2734642028809,1
06-02-2021 04:56:00,27.6997165679932,16.0895442962646,16.0101089477539,39.5704956054687,46.8581619262695,27060.734375,38.8827133178711,50.442626953125,11.2415084838867,1
06-02-2021 04:57:00,27.2497272491455,16.055347442627,15.9734439849854,39.9938468933105,47.2592124938965,25040.6953125,39.1297760009766,50.442626953125,11.2272577285767,1
06-02-2021 04:58:00,27.2591323852539,15.9696731567383,15.8770027160645,40.3456192016602,47.7050361633301,26257.341796875,39.4483947753906,50.442626953125,11.1740589141846,1
06-02-2021 04:59:00,27.4436302185059,16.1095542907715,16.024959564209,40.2880172729492,48.104248046875,25080.30859375,39.4322128295898,50.442626953125,11.1393556594849,1
06-02-2021 05:00:00,26.9071846008301,15.999062538147,15.8981094360352,40.0002403259277,48.3047103881836,27600.998046875,39.1343803405762,50.442626953125,11.1051197052002,1
06-02-2021 05:01:00,26.9261665344238,15.9311647415161,15.8457593917847,39.5449295043945,47.361743927002,30744.703125,38.7277107238769,50.442626953125,11.0869436264038,1
06-02-2021 05:02:00,27.4986763000488,15.9288244247437,15.8407068252563,39.914924621582,47.1064414978027,26233.5703125,39.0189056396484,50.442626953125,11.0571174621582,1
06-02-2021 05:03:00,26.7471961975098,15.885217666626,15.8104362487793,40.2743530273438,47.4974822998047,23977.576171875,39.4527473449707,50.442626953125,11.0029649734497,1
06-02-2021 05:04:00,27.2234783172607,15.9692831039429,15.886209487915,40.7215995788574,48.9571723937988,25602.615234375,39.8355178833008,50.442626953125,10.9796724319458,1
06-02-2021 05:05:00,27.3691387176514,15.9610767364502,15.8400497436523,40.6039695739746,49.5533828735352,24024.423828125,39.797306060791,50.442626953125,10.9455432891846,1
06-02-2021 05:06:00,28.0455207824707,16.3054962158203,16.2191581726074,40.2880554199219,50.251880645752,28805.302734375,39.5584373474121,50.442626953125,10.9267139434814,1
06-02-2021 05:07:00,27.3296871185303,16.0795249938965,16.0119686126709,39.5391426086426,48.9101257324219,26032.25390625,38.8219299316406,50.442626953125,10.9043312072754,1
06-02-2021 05:08:00,28.4281044006348,16.1946430206299,16.1109313964844,39.2442321777344,47.7432518005371,27454.97265625,38.4788131713867,50.442626953125,10.8557987213135,1
06-02-2021 05:09:00,26.8396015167236,15.8619747161865,15.791597366333,39.4442520141602,47.2451972961426,26058.69921875,38.7144889831543,50.442626953125,10.8470458984375,1
06-02-2021 05:10:00,27.6132907867432,16.4217872619629,16.3391628265381,39.150016784668,45.8360900878906,26156.826171875,38.4630317687988,50.442626953125,10.8155708312988,1
06-02-2021 05:11:00,46.2221221923828,12.7950839996338,12.7194557189941,35.3425941467285,37.5969314575195,20507.0625,34.5040092468262,10.4416723251343,10.7715225219727,1
06-02-2021 05:12:00,31.8000984191895,18.8013896942139,18.7056713104248,40.1049957275391,39.8387565612793,13489.419921875,39.5520896911621,50.489673614502,10.5385274887085,1
06-02-2021 05:13:00,27.2408199310303,15.6237783432007,15.5406818389893,43.5015335083008,47.3629035949707,24048.60546875,42.3796997070312,60.4102478027344,10.4603452682495,1
06-02-2021 05:14:00,26.0457859039307,15.2353382110596,15.1591758728027,45.6776428222656,57.3873672485352,32107.16015625,44.2644691467285,60.4374923706055,10.4060440063477,1
06-02-2021 05:15:00,25.5894336700439,15.8881187438965,15.8050775527954,43.5113372802734,59.7978096008301,31239.79296875,42.470100402832,60.5527954101563,10.4184923171997,1
06-02-2021 05:16:00,26.5877914428711,15.8858757019043,15.8176307678223,41.6422462463379,60.9140548706055,34484.74609375,40.6980705261231,60.2611770629883,10.4714651107788,1
06-02-2021 05:17:00,24.9332981109619,16.0413360595703,15.929328918457,39.287841796875,57.8542175292969,33857.94140625,38.5391387939453,55.3599586486816,10.5081930160522,1
06-02-2021 05:18:00,26.0201301574707,15.9091796875,15.8270292282105,37.6908912658691,53.1991119384766,24300.453125,37.0060882568359,55.0751838684082,10.5298109054565,1
06-02-2021 05:19:00,26.1862525939941,16.123291015625,16.0333576202393,36.6542282104492,47.8223724365234,19296.876953125,36.1529808044434,55.0928611755371,10.4795904159546,1
06-02-2021 05:20:00,25.4074440002441,16.2377490997314,16.1629638671875,36.5980110168457,43.3962478637695,22812.32421875,36.1351089477539,54.9694709777832,10.4190397262573,1
06-02-2021 05:21:00,24.692777633667,16.224308013916,16.1427307128906,37.1961975097656,40.0297393798828,20699.36328125,36.7107162475586,55.3371047973633,10.3253602981567,1
06-02-2021 05:22:00,26.1891613006592,16.4004802703857,16.3386306762695,39.1044006347656,40.728401184082,18593.47265625,38.6570777893066,55.4932060241699,10.2271318435669,1
06-02-2021 05:23:00,25.1673145294189,16.1787261962891,16.0767955780029,40.6549263000488,43.1443786621094,25025.22265625,39.9555778503418,55.0046272277832,10.1600351333618,1
06-02-2021 05:24:00,25.7076835632324,16.2593841552734,16.1767120361328,41.7368125915527,46.4006881713867,22703.111328125,41.0613479614258,55.0430908203125,10.1049070358276,1
06-02-2021 05:25:00,25.659854888916,16.6161365509033,16.5277767181396,42.1108436584473,49.5853309631348,28793.66015625,41.2871170043945,60.4319000244141,10.0468530654907,1
06-02-2021 05:26:00,24.6114978790283,15.9652462005615,15.8765068054199,42.1430854797363,52.3664131164551,33005.8046875,41.3017768859863,60.3765487670898,10.0246133804321,1
06-02-2021 05:27:00,25.939582824707,16.1502895355225,16.05198097229,42.0115394592285,54.5925521850586,32319.119140625,41.1272888183594,60.143669128418,10.0050430297852,1
06-02-2021 05:28:00,25.5440521240234,15.9257154464722,15.8375759124756,41.3548164367676,55.432746887207,34447.65234375,40.4057579040527,60.1829948425293,9.97671890258789,1
06-02-2021 05:29:00,24.5799827575684,16.1234321594238,16.0608940124512,40.1447257995605,55.0714302062988,26078.6875,39.390380859375,60.1780738830566,9.98945331573486,1
06-02-2021 05:30:00,24.2839908599854,16.3054466247559,16.2225761413574,38.746509552002,52.4413604736328,24613.087890625,38.1263427734375,60.1752815246582,9.97579193115234,1
06-02-2021 05:31:00,24.8900661468506,16.313720703125,16.234691619873,38.0061645507812,49.031925201416,26155.91015625,37.4566917419434,60.1727905273438,9.94624423980713,1
06-02-2021 05:32:00,24.4649257659912,16.4134120941162,16.3260917663574,38.1358604431152,46.9287033081055,11098.5302734375,37.6314468383789,60.1736183166504,9.90749073028564,1
06-02-2021 05:33:00,22.5961990356445,16.0565185546875,15.9557161331177,38.9441223144531,46.2679672241211,24926.62890625,38.4075813293457,60.1934967041016,9.8261137008667,1
06-02-2021 05:34:00,26.0435600280762,16.264066696167,16.1732177734375,39.5173873901367,45.6035499572754,24742.833984375,38.7154273986816,63.6914367675781,9.7639217376709,1
06-02-2021 05:35:00,24.8576202392578,15.9564571380615,15.8748035430908,40.6511344909668,47.5140113830566,24272.861328125,39.8784027099609,65.1616058349609,9.71812248229981,1
06-02-2021 05:36:00,24.9134941101074,16.1003551483154,16.0174369812012,42.0436935424805,51.1282081604004,27721.95703125,41.1700820922852,65.1291885375977,9.6793327331543,1
06-02-2021 05:37:00,24.2604465484619,15.8847761154175,15.8023910522461,41.7787208557129,53.2710609436035,30931.48828125,40.8231430053711,75.215217590332,9.66946125030518,1
06-02-2021 05:38:00,25.421199798584,15.8426866531372,15.7649173736572,41.6167068481445,55.1733131408691,27130.2265625,40.6213111877441,75.2424087524414,9.63729190826416,1
06-02-2021 05:39:00,24.4580383300781,16.1591758728027,16.0735473632813,40.8057594299316,55.5385589599609,24498.234375,40.0357894897461,75.2395095825195,9.60569667816162,1
06-02-2021 05:40:00,24.1100463867187,16.1251316070557,16.0492401123047,40.5023765563965,56.2733917236328,26242.826171875,39.8943023681641,85.0383529663086,9.55724430084229,1
06-02-2021 05:41:00,23.9942054748535,16.0764942169189,16.0331974029541,40.5383605957031,56.8500671386719,26556.080078125,39.8675079345703,85.0543823242188,9.560791015625,1
06-02-2021 05:42:00,23.8771724700928,16.0800724029541,16.0045223236084,39.7785758972168,55.940357208252,27639.447265625,39.100040435791,99.9622573852539,9.52102565765381,1
06-02-2021 05:43:00,23.6382656097412,16.1311473846436,16.0503921508789,39.4031562805176,54.6569023132324,25561.380859375,38.6986236572266,99.9640350341797,9.51002597808838,1
06-02-2021 05:44:00,24.509349822998,16.2610111236572,16.1750431060791,39.3367042541504,53.548698425293,22448.845703125,38.7362518310547,99.9658050537109,9.51000499725342,1
06-02-2021 05:45:00,23.2450580596924,15.9060544967651,15.8216724395752,39.7311973571777,53.4070472717285,27784.447265625,39.1481170654297,99.9669494628906,9.48736953735352,1
06-02-2021 05:46:00,23.7054309844971,16.1120643615723,16.0324172973633,39.2718544006348,52.3160591125488,28159.259765625,38.744514465332,99.9669494628906,9.48819351196289,1
06-02-2021 05:47:00,24.0716762542725,16.0431423187256,15.964072227478,38.9606056213379,50.5586395263672,26231.927734375,38.4599571228027,99.9673004150391,9.45953941345215,1
06-02-2021 05:48:00,24.5362167358398,16.1788444519043,16.1013069152832,38.4841537475586,48.1113586425781,27939.30078125,38.0468406677246,99.9813842773438,9.4221363067627,1
06-02-2021 05:49:00,23.9289302825928,16.0695056915283,15.9919948577881,39.632942199707,47.8822288513184,26815.87109375,39.0785102844238,99.9802322387695,9.3967342376709,1
06-02-2021 05:50:00,23.4237747192383,16.0224781036377,15.9436073303223,41.8328475952148,52.4184646606445,27891.634765625,41.1677589416504,99.9784088134766,9.33323669433594,1
06-02-2021 05:51:00,22.5030956268311,15.652416229248,15.5755481719971,42.7007675170898,57.0414276123047,34980.140625,41.7144508361816,99.9687805175781,9.32183265686035,1
